Policy_ID,User_ID,Created_At,Effective_Date,Canceled_Date,Renewal_Date,Annual_Premium,Tier,Base_Deductible,State,Personal_Property_Limit,Personal_Liability_Limit,Type
LP78124789,LU47026018,2022-12-14,2022-12-23,,2023-12-13,345,1,500,UT,"40,000","100,000",renters
LP49463902,LU96317065,2022-08-22,2022-08-27,,2023-08-21,82,3,250,MA,"10,000","200,000",renters
LP41231419,LU34546131,2024-12-09,2024-12-13,2025-02-21,2025-12-09,288,5,1000,NE,"20,000","100,000",pet
LP93831233,LU56642974,2023-07-27,2023-07-28,2023-12-05,2024-07-27,132,3,250,AK,"40,000","500,000",pet
LP24686337,LU33931719,2022-12-21,2022-12-21,2023-04-18,2023-12-20,289,3,500,MA,"40,000","500,000",pet
LP54599278,LU27379481,2022-02-06,2022-02-18,,2023-02-06,249,1,250,WA,"20,000","100,000",pet
LP98337516,LU46009796,2022-08-30,2022-09-08,2023-03-30,2023-08-29,321,2,1000,WA,"20,000","100,000",renters
LP05591011,LU11089206,2023-12-11,2023-12-16,,2024-12-11,244,5,250,OK,"10,000","250,000",pet
LP76868859,LU44425519,2023-07-19,2023-07-24,2024-04-15,2024-07-19,68,1,500,WI,"30,000","1,500,000",home
LP19323172,LU59581123,2024-04-04,2024-04-07,2025-03-05,2025-04-04,96,3,1000,SD,"10,000","100,000",car
LP16001802,LU06210998,2023-05-15,2023-05-27,,2024-05-15,342,5,500,UT,"40,000","250,000",home
LP36668286,LU71085113,2024-08-06,2024-08-20,,2025-08-06,194,4,250,ND,"20,000","200,000",renters
LP32436072,LU96725133,2023-08-19,2023-08-21,,2024-08-19,107,3,500,OH,"20,000","200,000",renters
LP97762112,LU92364570,2022-08-06,2022-08-06,,2023-08-05,100,,1000,SC,"40,000","250,000",car
LP24994260,LU71511093,2023-01-17,2023-01-20,2023-11-18,2024-01-16,268,,250,DE,"30,000","250,000",home
LP95865379,LU31403310,2022-05-16,2022-05-22,2022-10-03,2023-05-15,69,,500,DE,"30,000","250,000",home
LP89755873,LU18233908,2024-11-22,2024-11-23,2025-03-08,2025-11-22,172,1,1000,CO,"20,000","200,000",home
LP91663408,LU86548957,2022-01-11,2022-01-21,2022-05-31,2023-01-11,211,5,1000,MN,"10,000","250,000",renters
LP25281368,LU84695667,2023-04-23,2023-05-06,,2024-04-23,254,5,250,IN,"20,000","1,500,000",car
LP04653567,LU70858605,2024-02-25,2024-03-12,,2025-02-25,294,3,250,ME,"40,000","100,000",home
LP59156930,LU44624921,2024-06-23,2024-07-05,,2025-06-23,70,,250,IN,"30,000","250,000",pet
LP96452438,LU87876535,2024-04-08,2024-04-16,2024-10-09,2025-04-08,214,3,1000,UT,"40,000","1,500,000",car
LP50784853,LU82631801,2022-07-04,2022-07-10,2022-10-28,2023-07-03,157,2,250,CO,"10,000","1,500,000",home
LP46188710,LU43530393,2022-01-05,2022-01-05,,2023-01-05,90,2,500,WI,"10,000","250,000",home
LP18163519,LU90885465,2022-08-31,2022-09-14,,2023-08-30,62,,1000,WV,"30,000","1,500,000",renters
LP90578819,LU26138349,2023-03-01,2023-03-08,,2024-03-01,84,,250,CT,"20,000","500,000",home
LP62029865,LU69633758,2022-06-05,2022-06-20,,2023-06-04,100,1,1000,MO,"30,000","500,000",renters
LP93634812,LU79055596,2024-04-25,2024-05-08,2024-09-12,2025-04-25,236,4,250,SD,"40,000","200,000",pet
LP76349828,LU18735107,2022-05-25,2022-06-05,2023-03-13,2023-05-24,105,1,1000,NV,"20,000","500,000",home
LP24447236,LU27090378,2024-06-24,2024-07-08,2024-10-18,2025-06-24,182,5,1000,AK,"10,000","250,000",renters
LP30543221,LU41337988,2023-01-05,2023-01-18,,2024-01-04,248,1,250,MT,"40,000","1,500,000",home
LP91850163,LU06696812,2022-05-30,2022-06-09,,2023-05-29,220,4,500,TX,"30,000","250,000",renters
LP25443598,LU67989878,2023-05-29,2023-06-06,,2024-05-29,154,1,1000,SD,"10,000","1,500,000",car
LP05021254,LU39997822,2023-08-01,2023-08-08,,2024-08-01,214,5,250,AK,"20,000","200,000",pet
LP65454911,LU67759684,2022-11-24,2022-12-04,,2023-11-23,162,2,1000,NE,"20,000","500,000",pet
LP81250681,LU28983231,2023-08-28,2023-08-28,,2024-08-28,273,,250,TX,"10,000","1,500,000",home
LP87906203,LU00462537,2023-07-29,2023-08-04,2024-02-14,2024-07-29,358,3,500,ME,"40,000","100,000",car
LP43293143,LU34877181,2022-01-10,2022-01-18,2022-10-17,2023-01-10,317,3,500,RI,"30,000","250,000",car
LP91235846,LU67189137,2023-01-17,2023-01-24,,2024-01-16,259,3,1000,TX,"20,000","500,000",renters
LP69554707,LU37628840,2023-03-31,2023-04-09,,2024-03-31,74,5,1000,KS,"30,000","1,500,000",car
LP01780944,LU59029874,2022-12-21,2022-12-29,2023-08-19,2023-12-20,138,3,250,GA,"20,000","500,000",pet
LP48706609,LU66997900,2023-11-19,2023-11-20,,2024-11-19,171,2,1000,NE,"40,000","1,500,000",renters
LP90322928,LU91133704,2024-03-22,2024-04-06,2025-02-26,2025-03-22,143,1,500,FL,"20,000","250,000",renters
LP43335514,LU83832593,2024-07-25,2024-07-25,2024-10-27,2025-07-25,164,,250,NC,"10,000","250,000",home
LP21789586,LU60496163,2023-09-25,2023-10-09,2024-03-22,2024-09-25,244,2,500,WA,"20,000","200,000",car
LP35500689,LU43425085,2023-11-10,2023-11-17,2023-12-05,2024-11-10,267,5,1000,NC,"10,000","200,000",car
LP03866496,LU55411016,2023-03-14,2023-03-19,,2024-03-14,341,4,500,MS,"30,000","100,000",pet
LP85859850,LU19216516,2022-03-01,2022-03-15,2022-04-22,2023-02-28,318,5,1000,WA,"30,000","200,000",car
LP44224575,LU35714365,2022-01-04,2022-01-11,,2023-01-04,209,,500,IA,"40,000","1,500,000",home
LP55938749,LU19949870,2022-11-06,2022-11-17,,2023-11-05,71,,500,KS,"10,000","100,000",car
LP40390796,LU97726269,2023-03-26,2023-04-10,2023-05-20,2024-03-26,254,,250,MI,"20,000","200,000",car
LP22035615,LU38288218,2022-09-16,2022-09-24,2022-11-03,2023-09-15,278,1,1000,SD,"40,000","1,500,000",home
LP11900562,LU05236545,2023-12-31,2024-01-07,2024-01-24,2024-12-31,356,2,250,SD,"30,000","250,000",renters
LP90737488,LU37707433,2023-08-09,2023-08-24,2023-12-08,2024-08-09,172,5,1000,OH,"40,000","100,000",pet
LP64855114,LU70983651,2023-09-09,2023-09-13,,2024-09-09,73,3,500,SD,"40,000","100,000",car
LP49125446,LU70799206,2023-10-28,2023-11-07,,2024-10-28,292,3,500,OH,"20,000","250,000",car
LP60236909,LU88532081,2023-11-12,2023-11-12,2024-07-28,2024-11-12,302,,250,IA,"40,000","100,000",renters
LP42389085,LU69068521,2024-07-17,2024-07-21,,2025-07-17,76,,250,OR,"40,000","500,000",renters
LP28145491,LU02782305,2023-04-16,2023-04-25,,2024-04-16,162,3,500,SD,"40,000","500,000",home
LP99189140,LU75887905,2024-12-24,2025-01-08,2025-12-16,2025-12-24,68,2,1000,NH,"30,000","200,000",renters
LP06802741,LU65872855,2023-09-27,2023-10-02,2024-03-28,2024-09-27,321,5,500,AR,"20,000","200,000",home
LP25666728,LU60450237,2022-04-28,2022-04-29,2023-01-25,2023-04-27,131,2,250,ME,"10,000","500,000",home
LP07940709,LU68944805,2024-10-17,2024-10-27,,2025-10-17,268,4,250,NM,"10,000","500,000",home
LP68594743,LU83247161,2022-01-10,2022-01-24,2022-12-09,2023-01-10,205,1,500,MD,"20,000","200,000",home
LP15757430,LU51786458,2024-01-13,2024-01-24,2024-10-05,2025-01-13,203,1,250,GA,"30,000","100,000",renters
LP22199191,LU97170829,2023-05-07,2023-05-21,2023-07-30,2024-05-07,255,1,250,SD,"30,000","250,000",pet
LP99026939,LU40807937,2023-04-01,2023-04-07,2024-01-29,2024-04-01,218,4,500,MI,"30,000","250,000",home
LP48616169,LU28305125,2022-07-02,2022-07-04,2022-09-12,2023-07-01,116,1,500,NC,"30,000","100,000",renters
LP69667665,LU69162459,2022-09-29,2022-10-11,2023-04-17,2023-09-28,195,2,500,UT,"40,000","250,000",renters
LP24212145,LU54631392,2022-10-13,2022-10-21,,2023-10-12,72,3,1000,HI,"10,000","200,000",renters
LP98783640,LU81165927,2024-03-10,2024-03-23,,2025-03-10,340,2,250,SD,"40,000","500,000",pet
LP66756934,LU99967883,2024-05-03,2024-05-10,,2025-05-03,275,3,1000,OH,"10,000","200,000",pet
LP81084118,LU23475043,2023-10-27,2023-11-07,,2024-10-27,317,3,500,IA,"40,000","250,000",home
LP87540886,LU09453918,2022-10-17,2022-10-18,2023-04-24,2023-10-16,279,2,250,ND,"30,000","100,000",home
LP29785906,LU74363708,2022-03-16,2022-03-22,,2023-03-15,126,5,250,SC,"40,000","200,000",renters
LP77690959,LU25080716,2022-02-11,2022-02-17,,2023-02-11,212,5,250,AK,"20,000","200,000",renters
LP14254984,LU94785196,2022-09-09,2022-09-13,,2023-09-08,255,5,250,NY,"10,000","100,000",pet
LP80810088,LU38118751,2022-07-07,2022-07-16,,2023-07-06,209,5,250,IA,"20,000","1,500,000",car
LP34026044,LU47275004,2022-08-15,2022-08-16,,2023-08-14,256,4,500,ME,"10,000","100,000",renters
LP04999842,LU60185261,2024-05-23,2024-05-31,2024-06-20,2025-05-23,288,1,500,AL,"30,000","250,000",car
LP78554757,LU31427901,2023-09-16,2023-09-20,,2024-09-16,231,5,1000,NY,"30,000","500,000",pet
LP23597176,LU28502828,2024-06-12,2024-06-26,2025-01-30,2025-06-12,315,4,1000,MS,"30,000","200,000",renters
LP38739100,LU09959698,2023-09-11,2023-09-18,,2024-09-11,347,3,250,GA,"40,000","100,000",pet
LP52119419,LU26137081,2023-02-27,2023-03-04,,2024-02-26,339,5,250,CA,"40,000","250,000",car
LP36103362,LU64265921,2023-09-20,2023-09-30,2024-04-16,2024-09-20,249,1,500,MT,"10,000","200,000",renters
LP83605284,LU03449239,2024-03-19,2024-03-22,,2025-03-19,150,5,500,SC,"40,000","1,500,000",pet
LP48551915,LU63053263,2023-12-25,2023-12-30,,2024-12-25,295,,250,IL,"40,000","250,000",renters
LP97720199,LU21116897,2022-01-20,2022-01-30,2023-01-05,2023-01-20,342,2,500,NH,"20,000","250,000",home
LP47619181,LU02676022,2022-03-06,2022-03-08,2023-03-03,2023-03-05,315,5,1000,MI,"40,000","100,000",renters
LP26753832,LU51393461,2024-09-19,2024-09-24,2025-05-07,2025-09-19,303,4,1000,MI,"30,000","1,500,000",car
LP18431293,LU78018782,2022-04-22,2022-05-04,,2023-04-21,355,1,500,IA,"10,000","500,000",pet
LP76751595,LU18916671,2023-07-09,2023-07-18,,2024-07-09,67,4,250,FL,"20,000","100,000",home
LP03151671,LU11835507,2023-10-19,2023-10-28,2024-05-30,2024-10-19,199,3,1000,OH,"30,000","1,500,000",home
LP30812197,LU68013168,2023-08-17,2023-08-17,2024-01-30,2024-08-17,132,2,250,RI,"40,000","250,000",home
LP99181267,LU90614772,2024-11-04,2024-11-06,2025-02-08,2025-11-04,88,4,500,MA,"20,000","500,000",pet
LP94270691,LU17645706,2024-12-21,2024-12-25,,2025-12-21,251,5,500,IA,"30,000","1,500,000",pet
LP03127974,LU24273230,2024-10-05,2024-10-18,2025-08-18,2025-10-05,250,,250,UT,"30,000","200,000",renters
LP54025218,LU64979072,2023-06-22,2023-07-02,2023-12-16,2024-06-22,151,3,250,AK,"10,000","100,000",renters
LP45798464,LU26586880,2024-03-26,2024-04-04,2024-04-04,2025-03-26,257,4,1000,WY,"40,000","250,000",home
LP01566106,LU74227085,2023-01-05,2023-01-12,2023-02-21,2024-01-04,262,3,250,CA,"10,000","200,000",pet
LP57259189,LU15640837,2022-07-12,2022-07-13,,2023-07-11,67,3,500,AR,"40,000","250,000",pet
LP99901446,LU43672999,2022-03-16,2022-03-25,,2023-03-15,322,4,1000,CA,"10,000","100,000",pet
LP67437589,LU40538855,2022-02-12,2022-02-15,2022-05-13,2023-02-12,340,3,1000,WV,"20,000","1,500,000",car
LP90289491,LU94015572,2022-04-15,2022-04-25,2022-08-27,2023-04-14,348,2,250,OK,"10,000","200,000",home
LP42892245,LU09713084,2023-09-17,2023-09-22,2024-05-19,2024-09-17,173,1,1000,KY,"30,000","500,000",renters
LP76506795,LU45064055,2022-10-29,2022-11-12,2023-04-03,2023-10-28,312,2,500,OH,"20,000","1,500,000",pet
LP15035826,LU28840104,2022-10-06,2022-10-10,,2023-10-05,203,4,250,UT,"40,000","250,000",home
LP61745983,LU11228828,2024-04-20,2024-04-29,,2025-04-20,171,4,500,SC,"30,000","1,500,000",home
LP82491442,LU78506628,2024-04-03,2024-04-11,2024-07-26,2025-04-03,143,1,500,AL,"10,000","200,000",car
LP83855083,LU04414649,2022-04-22,2022-05-02,2022-08-10,2023-04-21,100,2,250,AK,"10,000","250,000",pet
LP32483891,LU29915109,2022-04-01,2022-04-09,2022-10-30,2023-03-31,331,3,500,WA,"20,000","100,000",pet
LP53770386,LU08153487,2023-06-20,2023-06-27,2023-12-10,2024-06-20,355,1,250,ID,"30,000","1,500,000",home
LP12962972,LU28077597,2023-11-30,2023-12-13,2024-02-12,2024-11-30,138,5,1000,AK,"10,000","100,000",renters
LP68457944,LU50053873,2022-12-26,2022-12-27,,2023-12-25,324,1,1000,TN,"30,000","100,000",car
LP44412415,LU92282342,2022-10-22,2022-11-04,2023-07-09,2023-10-21,62,3,250,CO,"20,000","250,000",car
LP59834389,LU66147134,2022-01-13,2022-01-26,,2023-01-13,266,5,1000,AZ,"10,000","1,500,000",home
LP26117249,LU59762379,2024-10-19,2024-10-29,,2025-10-19,146,2,500,GA,"10,000","1,500,000",pet
LP69801278,LU48100631,2022-12-12,2022-12-26,,2023-12-11,98,3,1000,SC,"40,000","200,000",car
LP87596008,LU76290257,2023-10-02,2023-10-11,,2024-10-02,113,,500,VT,"40,000","500,000",home
LP14512278,LU05952072,2024-07-15,2024-07-23,,2025-07-15,177,3,250,OR,"20,000","1,500,000",renters
LP87249700,LU52741364,2023-06-19,2023-06-30,,2024-06-19,290,5,500,ME,"30,000","100,000",pet
LP80364679,LU74198716,2022-07-04,2022-07-16,2022-12-12,2023-07-03,70,2,500,TX,"10,000","250,000",car
LP19411431,LU34312156,2024-12-20,2024-12-29,,2025-12-20,321,,500,NV,"10,000","200,000",car
LP92385865,LU46352082,2024-05-30,2024-06-12,,2025-05-30,277,3,1000,ID,"10,000","1,500,000",renters
LP27872757,LU14365792,2023-03-04,2023-03-11,,2024-03-04,136,3,1000,ID,"10,000","1,500,000",pet
LP91639421,LU52061549,2023-02-23,2023-03-01,2024-02-22,2024-02-22,206,,250,MN,"30,000","1,500,000",home
LP84925216,LU19751845,2022-01-11,2022-01-22,,2023-01-11,123,2,250,GA,"10,000","250,000",pet
LP81231128,LU00590775,2024-01-14,2024-01-25,,2025-01-14,152,3,250,MI,"30,000","500,000",car
LP57042379,LU91188363,2022-09-12,2022-09-23,2022-10-19,2023-09-11,305,5,500,IA,"30,000","100,000",pet
LP26867749,LU16078204,2024-03-30,2024-04-11,2025-01-13,2025-03-30,318,,1000,NM,"30,000","250,000",car
LP23722311,LU65380515,2023-07-15,2023-07-30,2024-05-18,2024-07-15,107,3,500,PA,"20,000","500,000",home
LP51428297,LU11622277,2023-12-10,2023-12-17,2024-03-12,2024-12-10,135,4,1000,CO,"20,000","100,000",home
LP97387430,LU92554362,2023-11-30,2023-12-08,2023-12-30,2024-11-30,240,4,500,OK,"10,000","1,500,000",home
LP67369357,LU57056590,2024-12-17,2024-12-31,2025-10-02,2025-12-17,227,1,1000,IA,"10,000","100,000",pet
LP67786160,LU83813161,2023-12-18,2023-12-31,,2024-12-18,309,1,1000,PA,"20,000","500,000",renters
LP36806968,LU01763598,2023-01-31,2023-02-05,,2024-01-30,141,,1000,AR,"20,000","1,500,000",pet
LP61491629,LU46029556,2022-12-20,2022-12-24,,2023-12-19,101,2,500,CA,"10,000","1,500,000",car
LP15099633,LU27271953,2024-12-04,2024-12-06,2025-11-23,2025-12-04,137,4,250,NE,"30,000","100,000",pet
LP81655257,LU79273141,2022-06-06,2022-06-07,2022-11-12,2023-06-05,343,5,1000,PA,"30,000","200,000",home
LP36301362,LU74644660,2023-06-17,2023-06-17,,2024-06-17,111,3,1000,MS,"10,000","500,000",pet
LP09099416,LU48391912,2024-03-18,2024-03-23,,2025-03-18,183,1,250,MS,"10,000","250,000",renters
LP21248517,LU97239797,2022-05-02,2022-05-10,,2023-05-01,64,1,250,TX,"10,000","1,500,000",pet
LP93885056,LU97733209,2023-01-08,2023-01-13,,2024-01-07,122,5,500,ID,"30,000","250,000",renters
LP87510643,LU08538568,2022-12-14,2022-12-15,2023-01-13,2023-12-13,149,3,250,UT,"10,000","1,500,000",pet
LP92147179,LU61811293,2022-11-10,2022-11-16,,2023-11-09,238,3,1000,NV,"20,000","1,500,000",car
LP33093240,LU69043174,2023-08-17,2023-08-20,,2024-08-17,254,4,250,MO,"10,000","1,500,000",car
LP24331074,LU58035715,2023-07-03,2023-07-12,2024-04-21,2024-07-03,223,2,1000,IA,"30,000","500,000",home
LP68612862,LU30771720,2024-03-01,2024-03-11,,2025-03-01,114,4,250,ID,"10,000","1,500,000",renters
LP82455859,LU35999893,2023-05-31,2023-06-13,,2024-05-31,209,1,1000,WI,"10,000","250,000",pet
LP61928767,LU98381778,2023-07-02,2023-07-07,2024-02-12,2024-07-02,119,,1000,DE,"30,000","200,000",renters
LP42470714,LU03055632,2024-01-04,2024-01-09,2024-10-19,2025-01-04,322,3,250,OR,"40,000","100,000",home
LP32536367,LU40913260,2024-04-13,2024-04-21,2024-12-25,2025-04-13,261,5,1000,SD,"20,000","100,000",renters
LP62714730,LU80777983,2024-10-27,2024-10-29,,2025-10-27,87,4,250,IA,"20,000","200,000",pet
LP78629424,LU64478173,2024-04-19,2024-04-24,2024-07-13,2025-04-19,91,1,250,MA,"30,000","500,000",car
LP51608798,LU07474351,2022-01-20,2022-02-03,,2023-01-20,294,5,250,TX,"20,000","100,000",car
LP57449151,LU56806462,2022-06-15,2022-06-23,,2023-06-14,80,,1000,DE,"20,000","100,000",car
LP27495938,LU20887560,2022-08-18,2022-08-19,,2023-08-17,256,2,1000,VT,"40,000","250,000",pet
LP49854422,LU81458837,2024-02-16,2024-02-26,2024-12-15,2025-02-16,267,5,500,GA,"40,000","200,000",home
LP65268232,LU63767266,2023-11-05,2023-11-08,,2024-11-05,153,5,250,RI,"10,000","200,000",renters
LP89142690,LU15492565,2023-06-22,2023-06-27,2023-12-13,2024-06-22,228,2,1000,FL,"40,000","1,500,000",car
LP86409479,LU62171289,2024-05-09,2024-05-13,,2025-05-09,201,5,500,MS,"10,000","200,000",pet
LP50912225,LU00940255,2023-07-21,2023-07-23,2024-03-24,2024-07-21,60,5,1000,MN,"40,000","200,000",car
LP91664456,LU24226236,2022-08-26,2022-09-05,,2023-08-25,260,4,500,PA,"10,000","250,000",pet
LP71837849,LU26437212,2023-06-11,2023-06-11,2023-06-21,2024-06-11,235,4,250,KY,"30,000","1,500,000",renters
LP80034789,LU70295965,2024-03-06,2024-03-11,,2025-03-06,231,5,250,IN,"10,000","1,500,000",pet
LP99287313,LU04999471,2023-03-24,2023-03-25,2023-08-25,2024-03-24,276,3,250,NC,"30,000","100,000",renters
LP33633060,LU09114323,2023-04-08,2023-04-20,2024-03-01,2024-04-08,74,1,1000,AR,"40,000","200,000",pet
LP90456563,LU56213602,2023-10-25,2023-11-02,,2024-10-25,193,4,500,MI,"20,000","1,500,000",home
LP51477514,LU70989076,2024-03-15,2024-03-25,,2025-03-15,323,5,500,DE,"10,000","1,500,000",home
LP71884716,LU94761747,2022-07-07,2022-07-10,,2023-07-06,221,,250,WY,"30,000","100,000",pet
LP91486015,LU85776746,2024-04-03,2024-04-18,2024-11-20,2025-04-03,220,5,250,NC,"40,000","200,000",home
LP73879842,LU83853999,2022-02-12,2022-02-16,,2023-02-12,283,,1000,PA,"10,000","100,000",home
LP65415257,LU81587036,2023-05-11,2023-05-26,2024-01-04,2024-05-11,330,3,500,IA,"40,000","200,000",pet
LP91120873,LU17202710,2023-06-23,2023-06-29,2023-09-15,2024-06-23,131,,250,NY,"30,000","100,000",renters
LP57587493,LU43022851,2023-08-27,2023-09-07,,2024-08-27,83,3,250,ID,"10,000","500,000",pet
LP25522482,LU16283177,2024-09-08,2024-09-09,,2025-09-08,134,4,500,DE,"30,000","500,000",renters
LP08883931,LU74579217,2022-01-21,2022-02-04,2022-05-23,2023-01-21,360,,500,TN,"20,000","1,500,000",home
LP60095752,LU78463675,2022-11-17,2022-11-30,,2023-11-16,174,2,500,VT,"40,000","500,000",pet
LP92937005,LU68901294,2023-10-31,2023-11-07,,2024-10-31,123,5,1000,NE,"30,000","200,000",pet
LP97233000,LU79761496,2022-09-25,2022-10-08,2023-07-27,2023-09-24,88,3,500,MN,"40,000","100,000",car
LP70072745,LU71381007,2023-01-28,2023-02-11,2023-07-03,2024-01-27,184,1,250,NC,"20,000","200,000",home
LP25451547,LU19772152,2023-07-22,2023-08-01,2024-06-27,2024-07-22,347,4,500,GA,"30,000","100,000",car
LP11936166,LU12069821,2024-12-10,2024-12-13,,2025-12-10,180,4,1000,MD,"20,000","500,000",home
LP57277439,LU30683399,2022-04-05,2022-04-19,2022-08-06,2023-04-04,292,2,250,WY,"20,000","100,000",renters
LP49418641,LU68938660,2023-07-31,2023-08-05,2024-03-19,2024-07-31,66,2,500,NV,"40,000","100,000",pet
LP68676807,LU97022426,2023-12-18,2023-12-26,,2024-12-18,153,2,1000,OR,"30,000","500,000",renters
LP98493743,LU84611506,2024-08-29,2024-08-31,,2025-08-29,265,4,250,NM,"10,000","500,000",pet
LP39567644,LU13603675,2023-05-15,2023-05-16,2023-06-11,2024-05-15,210,1,250,HI,"40,000","500,000",car
LP17989555,LU59293266,2022-10-27,2022-11-07,,2023-10-26,294,1,250,CT,"40,000","200,000",renters
LP25895533,LU99979692,2023-03-28,2023-04-12,,2024-03-28,338,5,500,LA,"20,000","100,000",pet
LP60336403,LU12085044,2022-10-24,2022-10-31,,2023-10-23,67,2,500,NY,"30,000","250,000",home
LP37031567,LU57769559,2022-10-25,2022-10-25,,2023-10-24,296,5,1000,HI,"10,000","250,000",car
LP75078859,LU13739036,2024-09-06,2024-09-16,,2025-09-06,337,2,250,UT,"40,000","1,500,000",pet
LP28316765,LU42499108,2024-07-17,2024-07-30,,2025-07-17,163,1,500,SC,"10,000","200,000",pet
LP66053345,LU87504262,2024-09-18,2024-10-02,2024-11-27,2025-09-18,251,5,1000,WY,"30,000","1,500,000",pet
LP50222193,LU85725282,2023-06-13,2023-06-17,,2024-06-13,187,4,1000,MN,"30,000","1,500,000",renters
LP93952563,LU77577338,2022-02-03,2022-02-07,2022-04-05,2023-02-03,135,2,250,NE,"40,000","250,000",car
LP55222440,LU53869277,2023-10-10,2023-10-11,2024-08-17,2024-10-10,351,2,500,DE,"40,000","200,000",pet
LP15903616,LU80044975,2024-07-17,2024-07-29,2025-06-13,2025-07-17,175,1,1000,MN,"30,000","1,500,000",pet
LP44424525,LU47125717,2023-11-08,2023-11-15,2024-01-04,2024-11-08,164,2,250,WY,"30,000","100,000",renters
LP80754137,LU28687916,2024-07-14,2024-07-14,2025-02-23,2025-07-14,330,2,1000,MT,"20,000","100,000",car
LP53069469,LU76408788,2023-07-08,2023-07-22,2023-10-13,2024-07-08,227,3,1000,TX,"40,000","200,000",renters
LP55083583,LU38696237,2022-03-11,2022-03-11,2022-03-22,2023-03-10,92,4,250,FL,"40,000","100,000",home
LP47989803,LU20538456,2022-06-09,2022-06-23,,2023-06-08,290,1,250,MT,"20,000","1,500,000",renters
LP51831005,LU04498656,2022-05-06,2022-05-20,,2023-05-05,255,3,1000,GA,"10,000","200,000",renters
LP09827795,LU85784547,2024-12-02,2024-12-13,,2025-12-02,257,1,1000,DE,"10,000","250,000",car
LP57796170,LU88849725,2023-11-19,2023-12-04,2024-02-11,2024-11-19,63,5,1000,OH,"40,000","500,000",home
LP04951449,LU08151129,2023-04-30,2023-05-04,2024-02-21,2024-04-30,112,5,1000,WI,"40,000","200,000",pet
LP35926652,LU59648375,2023-07-15,2023-07-23,2024-01-31,2024-07-15,358,4,1000,AK,"10,000","1,500,000",car
LP15898767,LU14306790,2022-02-14,2022-02-23,2022-02-28,2023-02-14,213,2,250,NJ,"30,000","100,000",renters
LP57501735,LU96062463,2024-10-05,2024-10-17,2024-11-23,2025-10-05,120,5,500,FL,"40,000","250,000",home
LP39257678,LU76518327,2022-09-21,2022-09-24,2023-07-01,2023-09-20,350,3,500,ME,"30,000","200,000",car
LP53264104,LU73523177,2022-07-08,2022-07-17,,2023-07-07,302,,1000,NY,"20,000","1,500,000",car
LP82768749,LU54848905,2022-08-01,2022-08-07,2023-01-31,2023-07-31,106,4,250,MD,"20,000","1,500,000",pet
LP72889393,LU24321476,2023-07-26,2023-08-06,2024-05-31,2024-07-26,157,3,1000,MN,"10,000","500,000",renters
LP09656830,LU52756583,2022-07-27,2022-07-28,,2023-07-26,190,5,250,OK,"20,000","250,000",home
LP59763705,LU12411985,2023-05-06,2023-05-17,,2024-05-06,210,1,1000,NV,"10,000","100,000",pet
LP47837827,LU60090953,2024-11-11,2024-11-25,2025-02-25,2025-11-11,129,4,500,KS,"40,000","250,000",renters
LP32170463,LU85475796,2024-12-15,2024-12-18,,2025-12-15,262,3,250,MI,"40,000","250,000",home
LP22352333,LU16255446,2022-05-02,2022-05-16,,2023-05-01,349,1,1000,PA,"10,000","100,000",home
LP31045064,LU92162648,2023-08-22,2023-09-06,,2024-08-22,315,5,250,IN,"20,000","500,000",home
LP51090883,LU51292394,2024-08-14,2024-08-18,,2025-08-14,343,5,500,AK,"30,000","500,000",home
LP97167015,LU63437671,2022-08-19,2022-08-24,2022-12-16,2023-08-18,259,4,500,OH,"30,000","200,000",car
LP07894054,LU96249127,2022-01-11,2022-01-17,2022-12-13,2023-01-11,257,3,500,FL,"20,000","1,500,000",pet
LP21450600,LU05676355,2024-08-19,2024-08-20,,2025-08-19,147,,250,IL,"40,000","200,000",home
LP59387588,LU40638181,2024-11-26,2024-12-10,2025-06-06,2025-11-26,352,4,1000,ID,"30,000","1,500,000",pet
LP55168601,LU23407466,2024-08-12,2024-08-17,,2025-08-12,157,5,1000,ID,"10,000","250,000",pet
LP73566342,LU35278952,2022-12-08,2022-12-19,,2023-12-07,309,,250,NJ,"40,000","200,000",car
LP96152271,LU01467414,2023-10-29,2023-11-02,,2024-10-29,102,,1000,NM,"10,000","250,000",renters
LP27396427,LU74803792,2024-12-07,2024-12-22,,2025-12-07,227,2,1000,MD,"40,000","1,500,000",renters
LP87069336,LU33957349,2022-05-20,2022-06-03,,2023-05-19,146,4,1000,SD,"30,000","1,500,000",renters
LP59540078,LU29805616,2022-10-20,2022-10-31,,2023-10-19,107,1,500,OK,"40,000","500,000",pet
LP68848373,LU94511132,2023-12-04,2023-12-04,2024-08-24,2024-12-04,186,,1000,NY,"40,000","200,000",home
LP68812155,LU46608116,2023-05-26,2023-06-02,2023-11-09,2024-05-26,181,4,500,NM,"30,000","1,500,000",renters
LP01949180,LU89219205,2022-12-27,2023-01-06,,2023-12-26,122,2,500,IA,"20,000","250,000",car
LP92909590,LU35700156,2024-08-02,2024-08-05,,2025-08-02,188,,1000,MT,"20,000","100,000",renters
LP78734213,LU38287516,2024-11-17,2024-11-24,,2025-11-17,346,2,500,KY,"30,000","1,500,000",renters
LP96974474,LU74939514,2023-12-14,2023-12-27,,2024-12-14,327,2,500,NH,"20,000","250,000",renters
LP80604294,LU43076793,2024-03-07,2024-03-11,,2025-03-07,245,2,1000,IN,"30,000","250,000",car
LP66777295,LU11078145,2024-06-22,2024-07-05,,2025-06-22,101,3,1000,CT,"40,000","250,000",pet
LP21406252,LU49117008,2023-06-12,2023-06-13,,2024-06-12,113,4,1000,IA,"30,000","500,000",pet
LP70774750,LU13757904,2023-04-19,2023-05-04,2023-12-25,2024-04-19,269,5,250,MT,"40,000","1,500,000",car
LP34708561,LU33951786,2024-08-14,2024-08-22,,2025-08-14,84,,1000,OH,"20,000","500,000",car
LP56413449,LU24194647,2023-04-11,2023-04-18,2024-03-13,2024-04-11,70,5,250,GA,"40,000","500,000",car
LP57737371,LU99971288,2023-12-30,2024-01-14,,2024-12-30,212,3,1000,CA,"30,000","500,000",renters
LP27910463,LU52382200,2022-03-09,2022-03-09,,2023-03-08,137,4,500,MT,"30,000","100,000",pet
LP01641195,LU80952379,2023-06-28,2023-07-10,,2024-06-28,315,1,1000,SD,"10,000","500,000",pet
LP08868524,LU95084422,2024-08-10,2024-08-24,,2025-08-10,238,5,1000,NE,"20,000","1,500,000",pet
LP03685208,LU29082753,2022-11-19,2022-11-23,2023-03-31,2023-11-18,141,5,1000,NM,"30,000","250,000",pet
LP46372879,LU06263791,2023-07-31,2023-08-01,2023-10-05,2024-07-31,314,,1000,RI,"20,000","1,500,000",home
LP32283088,LU28626408,2023-01-27,2023-02-06,2023-07-29,2024-01-26,293,4,500,MO,"20,000","250,000",pet
LP38321025,LU15036289,2023-08-20,2023-08-24,2023-11-04,2024-08-20,288,1,500,VA,"10,000","500,000",home
LP06305095,LU94257507,2022-01-27,2022-02-01,,2023-01-27,220,3,250,ME,"10,000","200,000",renters
LP95947135,LU63834509,2024-06-19,2024-06-25,,2025-06-19,341,5,500,CA,"40,000","100,000",renters
LP82048574,LU08118640,2022-10-05,2022-10-10,2023-06-18,2023-10-04,150,4,500,UT,"40,000","500,000",pet
LP12494473,LU20137700,2022-03-08,2022-03-12,,2023-03-07,206,5,500,MA,"20,000","1,500,000",car
LP38588473,LU12509535,2024-09-01,2024-09-16,,2025-09-01,182,1,500,MA,"20,000","1,500,000",renters
LP95473610,LU89258289,2024-12-05,2024-12-12,2025-09-30,2025-12-05,108,,1000,RI,"10,000","200,000",renters
LP75175596,LU45639695,2023-01-04,2023-01-13,,2024-01-03,236,5,1000,NJ,"20,000","200,000",car
LP95418455,LU21060753,2023-02-13,2023-02-21,2024-01-17,2024-02-12,167,2,1000,TX,"10,000","200,000",pet
LP29870367,LU45681193,2023-03-14,2023-03-28,2023-07-22,2024-03-14,67,5,250,CO,"40,000","100,000",pet
LP73637514,LU77596094,2024-06-12,2024-06-16,,2025-06-12,143,4,500,GA,"10,000","500,000",home
LP20262347,LU94943732,2022-06-01,2022-06-07,2023-03-19,2023-05-31,169,2,1000,LA,"10,000","1,500,000",home
LP13090229,LU78678484,2024-09-21,2024-09-29,,2025-09-21,318,5,1000,AZ,"20,000","100,000",car
LP44761008,LU39825966,2022-09-01,2022-09-15,,2023-08-31,168,5,1000,WI,"10,000","1,500,000",home
LP18633119,LU90069890,2022-03-12,2022-03-21,2023-02-25,2023-03-11,356,1,500,OR,"40,000","1,500,000",car
LP52494529,LU78578163,2022-01-14,2022-01-17,,2023-01-14,222,3,500,KY,"30,000","1,500,000",home
LP73310617,LU86811416,2024-12-16,2024-12-28,,2025-12-16,349,5,250,CT,"30,000","200,000",home
LP74505371,LU37040071,2024-10-13,2024-10-23,,2025-10-13,229,2,500,ME,"20,000","200,000",pet
LP54434375,LU22758477,2022-06-24,2022-06-28,,2023-06-23,321,4,250,MA,"20,000","500,000",pet
LP19713544,LU99434098,2023-09-14,2023-09-17,2024-07-14,2024-09-14,234,5,500,ND,"20,000","250,000",renters
LP68641932,LU52007302,2022-11-13,2022-11-16,2023-08-11,2023-11-12,216,,500,MS,"40,000","1,500,000",renters
LP96993841,LU70776613,2023-12-28,2023-12-31,2024-03-04,2024-12-28,288,3,1000,MN,"20,000","1,500,000",pet
LP56671445,LU40265544,2024-08-17,2024-09-01,2025-07-14,2025-08-17,346,5,250,ND,"10,000","500,000",pet
LP52259191,LU43964936,2023-01-28,2023-02-06,,2024-01-27,122,1,250,DE,"10,000","100,000",home
LP48448648,LU41689373,2022-02-17,2022-02-18,,2023-02-17,101,3,1000,MD,"20,000","500,000",home
LP08665099,LU59456533,2023-12-23,2024-01-01,,2024-12-23,197,5,250,WA,"20,000","200,000",home
LP04312877,LU38432445,2023-05-06,2023-05-10,2023-10-11,2024-05-06,154,5,250,CT,"40,000","1,500,000",car
LP11461036,LU84329214,2022-12-23,2022-12-24,2023-10-23,2023-12-22,197,2,1000,ME,"10,000","100,000",pet
LP62282725,LU69618172,2023-11-20,2023-11-21,,2024-11-20,166,1,250,WI,"40,000","200,000",car
LP99572998,LU51250554,2024-11-30,2024-11-30,2025-06-07,2025-11-30,95,3,500,IL,"20,000","500,000",home
LP53656223,LU35588052,2024-08-27,2024-09-06,,2025-08-27,331,5,1000,MI,"30,000","100,000",car
LP03933425,LU94044989,2022-08-14,2022-08-18,,2023-08-13,323,4,250,AK,"40,000","100,000",pet
LP26565066,LU84143327,2024-06-04,2024-06-10,,2025-06-04,112,2,250,AK,"10,000","1,500,000",home
LP51518358,LU34973653,2022-07-23,2022-08-07,2022-10-20,2023-07-22,192,,500,OH,"40,000","500,000",car
LP02349988,LU88655870,2024-03-27,2024-04-04,2024-12-11,2025-03-27,131,,250,NY,"10,000","250,000",pet
LP86890911,LU12162401,2022-11-10,2022-11-18,,2023-11-09,205,5,500,SD,"40,000","500,000",renters
LP81468131,LU64714400,2024-07-14,2024-07-15,2025-03-11,2025-07-14,211,4,1000,OR,"10,000","200,000",renters
LP73332406,LU07218009,2024-07-04,2024-07-16,,2025-07-04,186,2,500,KS,"20,000","1,500,000",car
LP38480610,LU84627732,2023-01-20,2023-01-29,,2024-01-19,60,2,250,WV,"40,000","500,000",car
LP84249997,LU69738038,2022-04-07,2022-04-19,,2023-04-06,185,1,500,SD,"10,000","100,000",home
LP27008082,LU46546441,2023-06-13,2023-06-26,,2024-06-13,296,1,250,NH,"10,000","500,000",car
LP53658232,LU77939070,2022-12-01,2022-12-01,,2023-11-30,92,3,1000,NE,"40,000","250,000",pet
LP16152150,LU64517069,2022-02-27,2022-03-10,,2023-02-27,73,4,1000,AR,"20,000","500,000",home
LP49210257,LU97858555,2022-11-18,2022-11-28,2023-03-31,2023-11-17,91,5,250,OR,"30,000","1,500,000",renters
LP12640014,LU39586482,2024-01-28,2024-02-09,2024-02-12,2025-01-28,151,,500,OR,"20,000","200,000",pet
LP15008514,LU19251671,2023-04-10,2023-04-18,,2024-04-10,119,1,500,WV,"40,000","100,000",renters
LP88217175,LU36786855,2024-06-30,2024-07-13,2024-08-29,2025-06-30,238,2,1000,IL,"20,000","100,000",pet
LP08975870,LU26405568,2022-01-31,2022-02-03,,2023-01-31,329,3,500,AK,"30,000","1,500,000",renters
LP38942120,LU73577016,2023-01-26,2023-02-05,2023-08-06,2024-01-25,74,,250,ME,"30,000","1,500,000",renters
LP70659727,LU41180747,2025-01-01,2025-01-10,2025-05-26,2026-01-01,124,4,500,AK,"40,000","1,500,000",home
LP94031195,LU95893116,2022-10-04,2022-10-10,,2023-10-03,185,2,500,NH,"30,000","200,000",pet
LP20800789,LU53150853,2023-11-12,2023-11-15,,2024-11-12,127,,250,NC,"20,000","250,000",pet
LP17117881,LU59561720,2022-09-30,2022-10-03,,2023-09-29,253,,1000,CO,"30,000","200,000",car
LP51791085,LU96545084,2022-11-03,2022-11-11,2022-12-13,2023-11-02,98,4,250,LA,"30,000","250,000",pet
LP28908137,LU55110853,2023-03-08,2023-03-21,,2024-03-08,357,4,250,AZ,"20,000","500,000",car
LP57710555,LU82588695,2024-09-01,2024-09-12,,2025-09-01,208,,250,ID,"10,000","100,000",home
LP30221156,LU30763251,2024-07-19,2024-08-02,2024-08-23,2025-07-19,343,3,1000,NY,"40,000","500,000",car
LP50569005,LU79695592,2023-02-26,2023-03-04,,2024-02-25,189,,1000,AR,"40,000","500,000",car
LP98274823,LU42029418,2022-02-01,2022-02-06,2022-10-26,2023-02-01,300,5,500,MT,"40,000","500,000",pet
LP59409752,LU05325830,2023-02-03,2023-02-09,2023-07-26,2024-02-02,153,3,1000,RI,"40,000","200,000",pet
LP28378842,LU70941743,2024-11-03,2024-11-14,2025-07-26,2025-11-03,239,,1000,DE,"30,000","500,000",pet
LP83734121,LU68360091,2023-01-02,2023-01-08,2023-07-27,2024-01-01,348,4,250,GA,"20,000","250,000",renters
LP94591944,LU14999622,2022-08-08,2022-08-17,,2023-08-07,242,3,500,FL,"30,000","1,500,000",renters
LP02200286,LU60936024,2022-04-17,2022-04-22,2022-07-16,2023-04-16,75,5,1000,OH,"40,000","200,000",car
LP95026561,LU66793140,2023-07-22,2023-08-03,2024-02-05,2024-07-22,273,3,1000,OR,"20,000","500,000",car
LP62166120,LU99650639,2024-03-28,2024-03-30,2024-05-20,2025-03-28,61,4,1000,CT,"40,000","500,000",home
LP19266121,LU20953720,2022-03-29,2022-04-07,2022-11-25,2023-03-28,223,5,1000,VA,"40,000","100,000",home
LP36367607,LU10640043,2023-04-13,2023-04-27,2023-06-01,2024-04-13,319,1,1000,SC,"10,000","1,500,000",pet
LP01520612,LU88515711,2023-03-13,2023-03-25,,2024-03-13,240,1,1000,MD,"30,000","500,000",pet
LP87346313,LU28632658,2022-09-07,2022-09-09,,2023-09-06,85,5,500,RI,"10,000","500,000",car
LP46540769,LU67111606,2024-07-11,2024-07-19,,2025-07-11,281,3,250,WI,"20,000","100,000",pet
LP69633387,LU61969228,2023-07-02,2023-07-11,,2024-07-02,315,2,250,AR,"20,000","100,000",pet
LP15011962,LU18833912,2024-04-08,2024-04-16,2024-04-17,2025-04-08,121,3,500,CT,"20,000","500,000",home
LP97327648,LU52198214,2022-10-05,2022-10-18,2023-01-24,2023-10-04,119,,500,IL,"30,000","500,000",car
LP19260888,LU41791836,2023-06-28,2023-07-02,,2024-06-28,269,4,1000,GA,"40,000","200,000",car
LP22924407,LU35360613,2024-02-12,2024-02-20,,2025-02-12,169,4,1000,AZ,"10,000","500,000",pet
LP42458862,LU25797371,2024-05-27,2024-06-03,2024-07-10,2025-05-27,181,3,250,NE,"10,000","250,000",renters
LP43180181,LU71054587,2024-04-22,2024-05-05,,2025-04-22,244,1,1000,FL,"10,000","100,000",renters
LP35883643,LU71567653,2023-02-19,2023-03-02,,2024-02-18,243,1,500,NH,"20,000","200,000",home
LP30938181,LU90970912,2022-05-28,2022-05-28,,2023-05-27,103,2,500,NV,"10,000","200,000",home
LP69580358,LU10296048,2024-10-08,2024-10-18,,2025-10-08,231,1,1000,HI,"20,000","1,500,000",renters
LP54762457,LU11108700,2023-12-27,2024-01-01,2024-02-14,2024-12-27,211,4,1000,CA,"20,000","1,500,000",home
LP04687895,LU44140966,2022-04-25,2022-04-27,2022-06-02,2023-04-24,236,1,250,SC,"30,000","250,000",car
LP11423281,LU48291470,2023-04-30,2023-05-10,,2024-04-30,157,4,1000,PA,"30,000","1,500,000",home
LP93511559,LU62302176,2022-08-13,2022-08-24,,2023-08-12,136,4,500,NV,"10,000","1,500,000",pet
LP49577568,LU08995864,2022-06-07,2022-06-14,,2023-06-06,284,5,250,OK,"20,000","100,000",car
LP12442660,LU22570619,2023-09-05,2023-09-09,2024-08-18,2024-09-05,178,5,1000,WI,"30,000","100,000",car
LP33784611,LU91135869,2024-05-28,2024-06-11,2024-10-28,2025-05-28,360,2,1000,TX,"10,000","200,000",renters
LP33724136,LU99561838,2023-10-09,2023-10-09,,2024-10-09,326,5,500,IL,"40,000","100,000",car
LP09750889,LU06227088,2023-08-28,2023-09-03,,2024-08-28,190,5,500,VT,"10,000","500,000",renters
LP53632494,LU10712968,2023-04-29,2023-05-14,2023-10-16,2024-04-29,115,5,500,OR,"30,000","100,000",car
LP68914562,LU75233998,2024-03-31,2024-04-12,2024-12-26,2025-03-31,72,1,250,IN,"40,000","250,000",home
LP34275138,LU74105629,2022-07-26,2022-07-30,,2023-07-25,189,1,250,WA,"10,000","500,000",renters
LP01559250,LU54346814,2023-07-25,2023-08-07,2023-10-02,2024-07-25,136,2,250,VT,"40,000","250,000",pet
LP70639517,LU42163469,2024-08-15,2024-08-30,,2025-08-15,303,3,1000,CO,"30,000","500,000",pet
LP02593405,LU26045613,2023-04-21,2023-04-29,2024-02-03,2024-04-21,173,4,250,KY,"30,000","1,500,000",renters
LP30502765,LU74477695,2022-05-26,2022-06-01,,2023-05-25,143,3,250,RI,"10,000","1,500,000",home
LP15804457,LU53273099,2022-10-02,2022-10-04,,2023-10-01,300,4,500,IL,"20,000","500,000",car
LP47383637,LU65402631,2024-03-05,2024-03-09,,2025-03-05,115,4,250,CO,"20,000","1,500,000",car
LP98740920,LU27663614,2022-05-08,2022-05-17,,2023-05-07,235,2,250,SD,"10,000","1,500,000",car
LP45882453,LU63121186,2022-06-01,2022-06-04,,2023-05-31,313,2,1000,AZ,"10,000","1,500,000",car
LP84825230,LU40206025,2024-03-04,2024-03-09,,2025-03-04,135,1,500,KY,"30,000","1,500,000",home
LP96343108,LU42197583,2024-03-26,2024-04-10,2025-03-25,2025-03-26,96,5,500,IA,"20,000","500,000",pet
LP61486453,LU07141818,2022-01-03,2022-01-04,2022-04-26,2023-01-03,268,3,500,WY,"10,000","1,500,000",pet
LP64187101,LU45245277,2024-06-13,2024-06-14,2024-10-11,2025-06-13,193,,250,MN,"20,000","1,500,000",renters
LP73487425,LU52015419,2022-06-15,2022-06-15,,2023-06-14,195,3,500,UT,"10,000","100,000",pet
LP40244423,LU71266177,2024-09-01,2024-09-09,,2025-09-01,91,,250,WV,"20,000","1,500,000",car
LP11364903,LU57470939,2022-12-24,2022-12-29,,2023-12-23,228,,1000,SD,"10,000","200,000",home
LP92745132,LU36118273,2022-10-23,2022-10-29,,2023-10-22,73,2,1000,MI,"20,000","100,000",car
LP66871146,LU84442688,2024-03-15,2024-03-26,2024-11-06,2025-03-15,316,,1000,NM,"10,000","200,000",car
LP13429744,LU46811452,2024-05-20,2024-05-28,,2025-05-20,357,,250,KS,"30,000","1,500,000",pet
LP29045713,LU81939262,2022-04-03,2022-04-15,2022-05-26,2023-04-02,201,2,500,NC,"30,000","200,000",renters
LP36827348,LU86500350,2023-05-25,2023-05-31,2023-08-31,2024-05-25,202,4,1000,OK,"20,000","250,000",car
LP32161729,LU49688356,2022-02-15,2022-02-27,2022-06-11,2023-02-15,221,2,1000,NM,"30,000","200,000",pet
LP79469454,LU13405857,2023-05-11,2023-05-11,,2024-05-11,312,,250,SD,"10,000","1,500,000",pet
LP20601693,LU69395650,2024-12-23,2024-12-26,2025-02-02,2025-12-23,231,4,1000,WV,"20,000","1,500,000",car
LP08150222,LU71876695,2022-08-25,2022-08-31,,2023-08-24,335,5,250,NC,"30,000","100,000",car
LP28851960,LU32093550,2023-03-17,2023-03-31,2023-10-24,2024-03-17,150,4,500,DE,"10,000","100,000",home
LP07260920,LU02695047,2024-06-16,2024-06-23,2025-03-20,2025-06-16,89,1,1000,UT,"10,000","1,500,000",pet
LP65242802,LU09454288,2022-12-20,2022-12-30,2023-11-07,2023-12-19,299,,500,ND,"40,000","250,000",home
LP67602052,LU98509446,2023-04-13,2023-04-15,2023-04-20,2024-04-13,149,1,1000,CT,"10,000","500,000",pet
LP07213808,LU33617156,2024-05-15,2024-05-29,2024-06-10,2025-05-15,307,4,500,CO,"30,000","1,500,000",pet
LP22789715,LU04588477,2023-03-26,2023-04-04,,2024-03-26,291,4,250,OH,"20,000","500,000",home
LP31545781,LU20246500,2023-12-12,2023-12-24,,2024-12-12,311,3,1000,GA,"30,000","100,000",pet
LP12008283,LU13156292,2024-12-17,2024-12-24,2025-08-13,2025-12-17,261,3,250,OK,"10,000","200,000",pet
LP33905633,LU54376431,2024-06-21,2024-06-29,,2025-06-21,202,5,250,IL,"30,000","1,500,000",pet
LP20873478,LU44911440,2023-12-06,2023-12-17,,2024-12-06,78,1,250,WY,"10,000","500,000",home
LP33498297,LU41163625,2023-12-08,2023-12-10,2024-10-12,2024-12-08,258,3,1000,NY,"20,000","200,000",pet
LP48034621,LU45052133,2024-11-30,2024-12-03,2025-07-26,2025-11-30,66,,1000,HI,"10,000","250,000",car
LP91150612,LU50441581,2023-01-08,2023-01-17,2023-07-14,2024-01-07,66,2,500,OR,"20,000","100,000",pet
LP47478972,LU14448474,2023-01-18,2023-01-27,2023-12-12,2024-01-17,281,2,250,WV,"40,000","500,000",renters
LP35090734,LU81374847,2023-02-12,2023-02-21,,2024-02-11,130,5,500,OR,"20,000","500,000",pet
LP94976830,LU45038328,2023-10-06,2023-10-19,,2024-10-06,288,2,500,TN,"10,000","1,500,000",home
LP88071022,LU21016263,2023-10-14,2023-10-25,2023-12-05,2024-10-14,290,3,1000,LA,"40,000","500,000",pet
LP30546595,LU92965442,2024-09-25,2024-10-07,2025-07-20,2025-09-25,250,1,1000,TN,"40,000","250,000",pet
LP84309893,LU37568731,2022-07-21,2022-08-03,,2023-07-20,143,5,250,LA,"30,000","500,000",car
LP31675677,LU55350563,2024-11-01,2024-11-11,2025-10-14,2025-11-01,308,,250,MA,"30,000","250,000",home
LP79394313,LU48293949,2024-10-14,2024-10-29,,2025-10-14,135,,250,MN,"20,000","1,500,000",home
LP07783137,LU92730969,2023-10-27,2023-11-11,,2024-10-27,320,5,250,ID,"10,000","1,500,000",pet
LP88541502,LU06320020,2023-08-08,2023-08-13,2024-05-03,2024-08-08,98,5,500,AR,"30,000","1,500,000",home
LP23364096,LU44199883,2023-07-04,2023-07-04,,2024-07-04,220,3,250,NC,"20,000","500,000",home
LP50664875,LU49184578,2023-11-05,2023-11-12,2024-06-22,2024-11-05,239,5,500,IA,"10,000","500,000",renters
LP03219538,LU08549649,2024-09-15,2024-09-26,2025-09-14,2025-09-15,343,2,1000,WY,"10,000","250,000",renters
LP02903254,LU42469950,2023-11-28,2023-12-11,,2024-11-28,226,1,1000,MT,"30,000","500,000",car
LP77403191,LU98027612,2024-10-03,2024-10-12,2025-01-03,2025-10-03,223,5,1000,MD,"40,000","500,000",home
LP62976914,LU76448535,2024-12-27,2024-12-27,2025-09-21,2025-12-27,204,3,250,OK,"20,000","250,000",pet
LP95291257,LU60595242,2022-06-11,2022-06-16,,2023-06-10,356,5,250,ID,"30,000","200,000",pet
LP71574973,LU81358566,2024-04-10,2024-04-19,,2025-04-10,209,,500,NJ,"20,000","200,000",home
LP25211009,LU63922559,2024-08-01,2024-08-02,,2025-08-01,253,2,250,OH,"40,000","200,000",renters
LP82124651,LU02647493,2022-01-10,2022-01-15,2023-01-04,2023-01-10,346,2,250,DE,"20,000","1,500,000",pet
LP53955713,LU87777422,2022-10-14,2022-10-14,,2023-10-13,257,1,500,NE,"40,000","500,000",pet
LP07560290,LU86387212,2022-07-16,2022-07-28,,2023-07-15,344,5,1000,PA,"30,000","500,000",home
LP88936098,LU47198866,2024-02-25,2024-03-01,2024-10-13,2025-02-25,335,3,500,VA,"20,000","200,000",car
LP24527945,LU78289970,2023-06-20,2023-06-29,,2024-06-20,97,4,1000,NM,"40,000","1,500,000",home
LP75358477,LU40970411,2024-07-04,2024-07-18,,2025-07-04,157,2,1000,NY,"40,000","100,000",home
LP82204773,LU01433141,2024-12-28,2025-01-04,,2025-12-28,344,,500,KS,"20,000","500,000",home
LP13480572,LU97842198,2022-11-23,2022-11-29,2023-09-29,2023-11-22,163,4,250,AK,"40,000","500,000",pet
LP70902628,LU32660784,2023-04-08,2023-04-16,,2024-04-08,174,4,1000,ND,"30,000","250,000",car
LP18303868,LU57787062,2023-10-29,2023-11-04,,2024-10-29,105,1,1000,PA,"10,000","250,000",home
LP44411653,LU28807590,2023-11-01,2023-11-12,2024-06-29,2024-11-01,194,,1000,HI,"40,000","200,000",home
LP78133250,LU10229184,2022-10-17,2022-10-23,2023-04-19,2023-10-16,70,1,1000,IA,"30,000","1,500,000",pet
LP60407890,LU07790629,2023-05-03,2023-05-08,2024-04-13,2024-05-03,189,1,1000,VT,"30,000","250,000",pet
LP18577581,LU70618666,2023-09-11,2023-09-13,,2024-09-11,289,2,1000,OH,"30,000","250,000",car
LP50571850,LU07216687,2024-08-04,2024-08-11,2024-12-29,2025-08-04,297,3,250,LA,"20,000","250,000",pet
LP64137963,LU74478091,2023-06-09,2023-06-16,,2024-06-09,197,,1000,IN,"30,000","250,000",home
LP93942797,LU11304292,2024-05-15,2024-05-26,2025-03-18,2025-05-15,205,1,250,FL,"10,000","500,000",pet
LP25889176,LU26084012,2024-09-03,2024-09-05,,2025-09-03,143,,1000,AK,"20,000","200,000",car
LP57578180,LU19177385,2023-03-07,2023-03-12,,2024-03-07,162,5,500,LA,"10,000","200,000",renters
LP59367970,LU22756028,2024-03-22,2024-03-31,2024-12-03,2025-03-22,74,1,250,ID,"40,000","100,000",renters
LP05564942,LU27429584,2024-09-07,2024-09-17,2025-03-14,2025-09-07,279,3,1000,CO,"20,000","1,500,000",pet
LP59602543,LU12904136,2022-06-04,2022-06-10,2022-08-02,2023-06-03,103,3,1000,WA,"40,000","1,500,000",car
LP92761902,LU03320513,2023-02-09,2023-02-11,2023-09-20,2024-02-08,185,,250,CA,"20,000","250,000",renters
LP99797181,LU88412823,2023-08-16,2023-08-22,,2024-08-16,66,5,250,CT,"30,000","250,000",pet
LP70671657,LU08297493,2024-01-07,2024-01-19,2024-03-25,2025-01-07,151,3,1000,NM,"30,000","100,000",home
LP21520766,LU69412449,2022-08-25,2022-09-01,2023-05-09,2023-08-24,305,4,250,MD,"30,000","500,000",home
LP27599686,LU29594972,2023-04-12,2023-04-13,,2024-04-12,177,2,500,KS,"30,000","1,500,000",pet
LP83314316,LU50389406,2022-01-08,2022-01-13,2022-09-12,2023-01-08,122,3,250,LA,"20,000","1,500,000",pet
LP95514040,LU13701510,2022-08-25,2022-08-26,2023-07-06,2023-08-24,169,5,250,VA,"20,000","200,000",pet
LP25466267,LU80892787,2022-08-26,2022-08-27,2023-03-12,2023-08-25,251,4,250,MO,"40,000","200,000",pet
LP59471178,LU86642198,2024-04-01,2024-04-11,2024-05-26,2025-04-01,137,,500,NJ,"30,000","500,000",car
LP08375478,LU80096300,2022-11-28,2022-12-08,2023-10-21,2023-11-27,202,3,1000,OK,"30,000","200,000",home
LP30992042,LU65885066,2023-12-02,2023-12-06,2024-07-26,2024-12-02,260,4,500,ME,"10,000","1,500,000",pet
LP58166381,LU04544215,2023-07-14,2023-07-16,2024-03-14,2024-07-14,191,2,250,CO,"30,000","250,000",pet
LP63926022,LU71460682,2024-06-30,2024-06-30,2024-08-04,2025-06-30,330,2,250,AK,"40,000","200,000",home
LP35716815,LU25243388,2023-01-19,2023-01-30,,2024-01-18,184,3,250,IL,"10,000","250,000",renters
LP37542235,LU87858511,2022-04-14,2022-04-15,2022-10-05,2023-04-13,352,1,500,AR,"20,000","500,000",pet
LP86189577,LU16817989,2022-09-01,2022-09-07,,2023-08-31,128,5,250,CT,"30,000","1,500,000",home
LP15719262,LU14162951,2024-01-22,2024-01-22,,2025-01-22,123,,250,WV,"30,000","250,000",pet
LP46558817,LU41335545,2023-04-01,2023-04-08,,2024-04-01,255,4,250,OK,"10,000","1,500,000",pet
LP97266090,LU54691941,2023-03-27,2023-04-05,2023-05-09,2024-03-27,100,3,1000,NH,"40,000","1,500,000",car
LP03724951,LU31051077,2023-05-25,2023-05-30,2024-04-01,2024-05-25,106,1,500,MD,"10,000","100,000",renters
LP66416448,LU06369342,2023-08-29,2023-09-09,,2024-08-29,308,1,500,CA,"30,000","250,000",home
LP03597819,LU20151815,2022-12-01,2022-12-07,2023-04-02,2023-11-30,293,2,500,MN,"10,000","250,000",pet
LP81078202,LU85696906,2022-10-13,2022-10-17,,2023-10-12,163,3,250,NY,"10,000","100,000",car
LP67229256,LU24079234,2024-11-12,2024-11-23,2025-11-04,2025-11-12,144,,250,MO,"30,000","100,000",pet
LP60223061,LU40793271,2022-02-17,2022-02-28,2022-09-09,2023-02-17,75,2,1000,ID,"40,000","500,000",car
LP47964396,LU90302211,2022-06-01,2022-06-13,,2023-05-31,104,2,500,IA,"20,000","500,000",pet
LP94323661,LU77673331,2022-07-31,2022-08-15,,2023-07-30,132,4,250,NM,"40,000","250,000",renters
LP12544090,LU71454104,2023-10-08,2023-10-12,2023-11-15,2024-10-08,307,3,1000,NJ,"20,000","100,000",car
LP03757726,LU57990489,2024-04-13,2024-04-23,,2025-04-13,79,1,1000,UT,"20,000","100,000",car
LP35868721,LU64930936,2022-07-17,2022-08-01,2023-03-16,2023-07-16,354,4,1000,SC,"40,000","200,000",car
LP63901075,LU56734852,2024-06-10,2024-06-20,2025-02-18,2025-06-10,270,3,1000,NJ,"10,000","100,000",renters
LP41840206,LU21159367,2024-05-25,2024-05-29,2025-02-03,2025-05-25,148,2,250,MS,"40,000","500,000",renters
LP33901525,LU34887649,2024-02-06,2024-02-20,,2025-02-06,66,,1000,IN,"10,000","100,000",car
LP80313805,LU82931640,2022-10-10,2022-10-10,,2023-10-09,329,3,500,AR,"20,000","100,000",home
LP32153174,LU56604007,2022-09-27,2022-10-02,2023-03-11,2023-09-26,94,3,500,VT,"10,000","100,000",home
LP50466162,LU76814184,2022-06-29,2022-07-01,2023-01-28,2023-06-28,143,4,250,MT,"30,000","250,000",car
LP30560213,LU19521863,2023-10-05,2023-10-17,2023-11-04,2024-10-05,174,2,1000,KS,"40,000","250,000",renters
LP67115956,LU80590532,2022-01-27,2022-02-06,,2023-01-27,341,3,500,IA,"40,000","250,000",renters
LP79370393,LU50406709,2023-02-14,2023-02-24,,2024-02-13,142,2,500,MA,"10,000","250,000",car
LP70475080,LU28621154,2023-05-17,2023-05-25,2023-10-19,2024-05-17,345,4,500,ND,"20,000","100,000",pet
LP58019986,LU96709931,2024-04-27,2024-05-07,,2025-04-27,103,2,250,CA,"30,000","100,000",car
LP93331271,LU21032262,2022-03-05,2022-03-09,,2023-03-04,252,5,250,MI,"10,000","1,500,000",car
LP74669266,LU40054094,2023-11-22,2023-11-27,,2024-11-22,113,5,250,PA,"10,000","200,000",renters
LP72767109,LU16411283,2024-09-24,2024-10-02,,2025-09-24,285,1,500,FL,"20,000","1,500,000",home
LP38855326,LU41023762,2024-04-15,2024-04-18,,2025-04-15,281,3,250,RI,"30,000","100,000",renters
LP93994593,LU02497194,2024-10-13,2024-10-28,,2025-10-13,123,2,1000,OK,"10,000","500,000",renters
LP48921032,LU43140790,2022-08-11,2022-08-12,2023-06-20,2023-08-10,356,5,500,KY,"10,000","200,000",home
LP22571475,LU62701032,2024-11-11,2024-11-12,2025-02-26,2025-11-11,174,4,500,VT,"20,000","250,000",car
LP72941069,LU71249948,2023-12-03,2023-12-12,,2024-12-03,75,5,250,AR,"20,000","500,000",renters
LP72185536,LU31075871,2023-01-23,2023-01-28,,2024-01-22,191,1,250,MA,"10,000","250,000",car
LP68893690,LU27272181,2024-03-25,2024-04-03,2024-12-09,2025-03-25,220,3,500,ID,"30,000","200,000",home
LP25552779,LU25434021,2022-01-02,2022-01-04,,2023-01-02,291,,1000,HI,"30,000","500,000",pet
LP91493963,LU71815785,2024-04-05,2024-04-06,,2025-04-05,236,,500,MI,"40,000","200,000",pet
LP93077496,LU80291063,2022-08-31,2022-09-10,,2023-08-30,167,1,250,IA,"20,000","200,000",pet
LP94916628,LU52912755,2023-10-25,2023-11-02,,2024-10-25,318,3,1000,AZ,"10,000","500,000",car
LP74506352,LU83031781,2023-04-09,2023-04-17,,2024-04-09,174,2,500,IA,"10,000","500,000",home
LP38507666,LU49169109,2022-09-15,2022-09-26,2023-06-28,2023-09-14,289,4,1000,AZ,"10,000","250,000",pet
LP63757072,LU23010856,2022-02-09,2022-02-10,2022-03-01,2023-02-09,255,,250,MT,"10,000","500,000",pet
LP70364984,LU18621328,2022-11-24,2022-12-05,2023-05-27,2023-11-23,322,,1000,SC,"20,000","1,500,000",renters
LP98734631,LU29548522,2024-05-05,2024-05-17,2024-09-19,2025-05-05,152,5,250,WA,"20,000","200,000",pet
LP94784261,LU16694750,2023-01-20,2023-02-03,2023-12-08,2024-01-19,335,4,250,NM,"30,000","500,000",home
LP52092955,LU76149069,2023-06-07,2023-06-15,,2024-06-07,210,4,250,WI,"10,000","1,500,000",car
LP73667488,LU03056584,2024-06-07,2024-06-10,,2025-06-07,293,2,1000,ND,"10,000","100,000",renters
LP27934959,LU00031183,2023-11-16,2023-11-26,,2024-11-16,152,3,1000,DE,"20,000","1,500,000",pet
LP93199395,LU60336771,2023-04-15,2023-04-17,2023-09-16,2024-04-15,134,2,500,NJ,"30,000","250,000",renters
LP62638583,LU32229511,2023-11-18,2023-11-28,,2024-11-18,204,4,250,OR,"10,000","250,000",pet
LP71969112,LU50353189,2023-01-19,2023-01-25,,2024-01-18,158,5,1000,ID,"10,000","100,000",home
LP88796462,LU37864564,2022-07-14,2022-07-19,2023-06-04,2023-07-13,189,1,1000,OR,"20,000","250,000",home
LP05274727,LU39377378,2024-06-02,2024-06-03,2025-02-10,2025-06-02,117,,500,LA,"30,000","250,000",renters
LP54716774,LU83767435,2024-11-15,2024-11-20,,2025-11-15,104,4,500,FL,"40,000","100,000",home
LP61780566,LU03190043,2024-11-24,2024-11-26,2025-10-06,2025-11-24,163,,250,MT,"10,000","100,000",home
LP60979408,LU98086903,2024-12-06,2024-12-19,,2025-12-06,156,,500,NC,"10,000","250,000",pet
LP78900348,LU71604694,2022-06-24,2022-07-03,,2023-06-23,82,5,1000,TX,"10,000","500,000",home
LP35882228,LU37340696,2023-06-16,2023-06-23,2024-05-26,2024-06-16,93,2,1000,MS,"10,000","500,000",renters
LP92453441,LU42297256,2024-12-17,2024-12-22,2025-10-28,2025-12-17,100,2,1000,CO,"20,000","500,000",car
LP45137852,LU00742279,2023-06-27,2023-07-07,2024-03-06,2024-06-27,137,,1000,SD,"30,000","250,000",pet
LP62765034,LU83490287,2022-01-19,2022-02-02,2022-08-15,2023-01-19,102,3,250,MN,"10,000","500,000",pet
LP70253223,LU66960880,2024-09-30,2024-10-05,2025-09-12,2025-09-30,96,3,250,MN,"20,000","100,000",pet
LP00000001,LU47026018,2023-01-16,2023-01-21,2023-04-07,2024-01-16,326,1,1000,UT,"40,000","100,000",car
LP00000002,LU96317065,2023-08-18,2023-08-23,2023-11-23,2024-08-17,78,3,500,MA,"10,000","200,000",pet
LP00000003,LU96317065,2023-12-17,2023-12-22,2024-09-30,2024-12-16,96,3,250,MA,"10,000","200,000",home
LP00000004,LU34546131,2025-04-29,2025-05-04,2026-02-03,2026-04-29,341,5,1000,NE,"20,000","100,000",pet
LP00000005,LU56642974,2023-12-16,2023-12-21,2024-12-04,2024-12-15,155,3,500,AK,"40,000","500,000",home
LP00000006,LU56642974,2023-12-19,2023-12-24,2024-05-19,2024-12-18,154,3,500,AK,"40,000","500,000",pet
LP00000007,LU33931719,2023-05-08,2023-05-13,2023-07-22,2024-05-07,298,3,500,MA,"40,000","500,000",home
LP00000008,LU33931719,2022-11-14,2022-11-19,2023-11-05,2023-11-14,266,3,500,MA,"40,000","500,000",renters
LP00000009,LU46009796,2023-05-02,2023-05-07,2023-07-24,2024-05-01,303,2,1000,WA,"20,000","100,000",car
LP00000010,LU44425519,2024-03-12,2024-03-17,2024-09-18,2025-03-12,61,1,250,WI,"30,000","1,500,000",renters
LP00000011,LU44425519,2024-02-24,2024-02-29,2025-01-25,2025-02-23,68,1,500,WI,"30,000","1,500,000",home
LP00000012,LU59581123,2024-03-11,2024-03-16,2024-05-19,2025-03-11,98,3,250,SD,"10,000","100,000",pet
LP00000013,LU59581123,2025-03-13,2025-03-18,2025-12-24,2026-03-13,101,3,1000,SD,"10,000","100,000",renters
LP00000014,LU96725133,2023-05-23,2023-05-28,2023-11-22,2024-05-22,127,3,500,OH,"20,000","200,000",home
LP00000015,LU96725133,2025-03-21,2025-03-26,2025-11-03,2026-03-21,106,3,500,OH,"20,000","200,000",car
LP00000016,LU92364570,2022-07-06,2022-07-11,2022-11-24,2023-07-06,90,,500,SC,"40,000","250,000",renters
LP00000017,LU71511093,2023-10-04,2023-10-09,2024-04-29,2024-10-03,264,,500,DE,"30,000","250,000",home
LP00000018,LU71511093,2023-09-25,2023-09-30,2024-02-22,2024-09-24,308,,1000,DE,"30,000","250,000",pet
LP00000019,LU31403310,2022-10-25,2022-10-30,,2023-10-25,71,,1000,DE,"30,000","250,000",renters
LP00000020,LU31403310,2022-05-05,2022-05-10,2022-12-25,2023-05-05,73,,1000,DE,"30,000","250,000",pet
LP00000021,LU86548957,2022-07-11,2022-07-16,,2023-07-11,189,5,1000,MN,"10,000","250,000",car
LP00000022,LU84695667,2024-11-13,2024-11-18,2025-07-01,2025-11-13,231,5,1000,IN,"20,000","1,500,000",car
LP00000023,LU70858605,2024-03-06,2024-03-11,2024-10-09,2025-03-06,320,3,1000,ME,"40,000","100,000",home
LP00000024,LU70858605,2025-09-21,2025-09-26,2025-11-30,2026-09-21,280,3,250,ME,"40,000","100,000",car
LP00000025,LU44624921,2024-04-07,2024-04-12,2024-11-25,2025-04-07,64,,250,IN,"30,000","250,000",renters
LP00000026,LU87876535,2024-03-25,2024-03-30,2024-10-27,2025-03-25,246,3,250,UT,"40,000","1,500,000",renters
LP00000027,LU87876535,2024-12-05,2024-12-10,2025-06-23,2025-12-05,249,3,1000,UT,"40,000","1,500,000",renters
LP00000028,LU43530393,2024-02-10,2024-02-15,2025-01-30,2025-02-09,91,2,1000,WI,"10,000","250,000",pet
LP00000029,LU90885465,2024-09-17,2024-09-22,,2025-09-17,68,,500,WV,"30,000","1,500,000",home
LP00000030,LU90885465,2024-08-08,2024-08-13,2025-05-30,2025-08-08,68,,250,WV,"30,000","1,500,000",renters
LP00000031,LU26138349,2025-04-21,2025-04-26,2025-12-24,2026-04-21,86,,250,CT,"20,000","500,000",pet
LP00000032,LU26138349,2023-02-07,2023-02-12,2024-01-11,2024-02-07,80,,500,CT,"20,000","500,000",renters
LP00000033,LU69633758,2023-11-19,2023-11-24,,2024-11-18,100,1,1000,MO,"30,000","500,000",car
LP00000034,LU18735107,2023-05-08,2023-05-13,2023-08-13,2024-05-07,113,1,500,NV,"20,000","500,000",home
LP00000035,LU18735107,2022-06-21,2022-06-26,,2023-06-21,103,1,250,NV,"20,000","500,000",renters
LP00000036,LU06696812,2023-06-16,2023-06-21,2024-01-11,2024-06-15,249,4,1000,TX,"30,000","250,000",car
LP00000037,LU39997822,2025-07-19,2025-07-24,2026-03-02,2026-07-19,243,5,250,AK,"20,000","200,000",car
LP00000038,LU67759684,2022-11-02,2022-11-07,,2023-11-02,181,2,250,NE,"20,000","500,000",renters
LP00000039,LU28983231,2023-08-29,2023-09-03,2024-04-17,2024-08-28,251,,500,TX,"10,000","1,500,000",pet
LP00000040,LU28983231,2025-02-22,2025-02-27,2025-09-26,2026-02-22,299,,500,TX,"10,000","1,500,000",car
LP00000041,LU34877181,2022-02-03,2022-02-08,2022-07-06,2023-02-03,311,3,1000,RI,"30,000","250,000",car
LP00000042,LU37628840,2025-01-15,2025-01-20,2025-05-01,2026-01-15,83,5,250,KS,"30,000","1,500,000",pet
LP00000043,LU59029874,2023-08-17,2023-08-22,2024-03-20,2024-08-16,137,3,250,GA,"20,000","500,000",pet
LP00000044,LU66997900,2023-09-28,2023-10-03,2023-12-23,2024-09-27,175,2,1000,NE,"40,000","1,500,000",pet
LP00000045,LU91133704,2025-05-12,2025-05-17,2025-08-17,2026-05-12,151,1,1000,FL,"20,000","250,000",car
LP00000046,LU83832593,2024-12-08,2024-12-13,2025-05-28,2025-12-08,187,,250,NC,"10,000","250,000",renters
LP00000047,LU43425085,2023-12-27,2024-01-01,2024-05-09,2024-12-26,260,5,1000,NC,"10,000","200,000",renters
LP00000048,LU55411016,2023-03-15,2023-03-20,,2024-03-14,393,4,250,MS,"30,000","100,000",renters
LP00000049,LU55411016,2025-01-23,2025-01-28,2025-12-10,2026-01-23,383,4,1000,MS,"30,000","100,000",renters
LP00000050,LU19216516,2022-05-14,2022-05-19,2022-07-22,2023-05-14,324,5,1000,WA,"30,000","200,000",pet
LP00000051,LU19949870,2024-07-02,2024-07-07,2024-09-25,2025-07-02,72,,250,KS,"10,000","100,000",pet
LP00000052,LU97726269,2023-05-16,2023-05-21,2024-01-28,2024-05-15,258,,250,MI,"20,000","200,000",home
LP00000053,LU38288218,2022-12-10,2022-12-15,2023-03-18,2023-12-10,307,1,250,SD,"40,000","1,500,000",renters
LP00000054,LU05236545,2024-04-18,2024-04-23,2024-07-30,2025-04-18,398,2,500,SD,"30,000","250,000",pet
LP00000055,LU70799206,2023-11-30,2023-12-05,2024-10-23,2024-11-29,268,3,250,OH,"20,000","250,000",home
LP00000056,LU70799206,2025-04-12,2025-04-17,2025-07-04,2026-04-12,298,3,1000,OH,"20,000","250,000",pet
LP00000057,LU69068521,2026-03-30,2026-04-04,2026-09-20,2027-03-30,81,,1000,OR,"40,000","500,000",car
LP00000058,LU02782305,2023-03-21,2023-03-26,2024-01-19,2024-03-20,163,3,1000,SD,"40,000","500,000",car
LP00000059,LU75887905,2025-01-12,2025-01-17,2025-08-07,2026-01-12,79,2,500,NH,"30,000","200,000",renters
LP00000060,LU75887905,2026-01-17,2026-01-22,2026-05-17,2027-01-17,67,2,1000,NH,"30,000","200,000",car
LP00000061,LU65872855,2024-02-26,2024-03-02,2024-05-04,2025-02-25,309,5,1000,AR,"20,000","200,000",renters
LP00000062,LU65872855,2024-02-18,2024-02-23,2024-06-16,2025-02-17,380,5,1000,AR,"20,000","200,000",renters
LP00000063,LU60450237,2022-11-29,2022-12-04,2023-09-09,2023-11-29,141,2,250,ME,"10,000","500,000",renters
LP00000064,LU60450237,2023-04-03,2023-04-08,2023-11-06,2024-04-02,123,2,1000,ME,"10,000","500,000",pet
LP00000065,LU68944805,2026-08-25,2026-08-30,2027-02-19,2027-08-25,270,4,500,NM,"10,000","500,000",home
LP00000066,LU83247161,2022-12-29,2023-01-03,2023-09-19,2023-12-29,222,1,1000,MD,"20,000","200,000",pet
LP00000067,LU83247161,2022-01-26,2022-01-31,2023-01-08,2023-01-26,185,1,500,MD,"20,000","200,000",home
LP00000068,LU51786458,2024-08-14,2024-08-19,2025-03-13,2025-08-14,236,1,250,GA,"30,000","100,000",home
LP00000069,LU40807937,2024-04-03,2024-04-08,2024-11-05,2025-04-03,199,4,500,MI,"30,000","250,000",home
LP00000070,LU40807937,2023-04-10,2023-04-15,2023-12-11,2024-04-09,196,4,250,MI,"30,000","250,000",renters
LP00000071,LU28305125,2022-06-21,2022-06-26,2023-04-24,2023-06-21,118,1,1000,NC,"30,000","100,000",home
LP00000072,LU28305125,2022-11-18,2022-11-23,2023-06-02,2023-11-18,138,1,1000,NC,"30,000","100,000",renters
LP00000073,LU69162459,2023-03-27,2023-04-01,2024-02-22,2024-03-26,194,2,250,UT,"40,000","250,000",renters
LP00000074,LU69162459,2023-04-12,2023-04-17,,2024-04-11,219,2,1000,UT,"40,000","250,000",car
LP00000075,LU54631392,2024-08-27,2024-09-01,2025-02-27,2025-08-27,81,3,500,HI,"10,000","200,000",pet
LP00000076,LU54631392,2022-11-10,2022-11-15,2023-06-08,2023-11-10,69,3,250,HI,"10,000","200,000",renters
LP00000077,LU81165927,2024-02-15,2024-02-20,2024-09-09,2025-02-14,355,2,1000,SD,"40,000","500,000",home
LP00000078,LU99967883,2025-05-25,2025-05-30,2025-09-11,2026-05-25,298,3,1000,OH,"10,000","200,000",car
LP00000079,LU99967883,2024-05-15,2024-05-20,2024-11-30,2025-05-15,325,3,250,OH,"10,000","200,000",pet
LP00000080,LU23475043,2025-12-12,2025-12-17,2026-10-14,2026-12-12,306,3,250,IA,"40,000","250,000",pet
LP00000081,LU09453918,2023-05-31,2023-06-05,2024-03-05,2024-05-30,295,2,500,ND,"30,000","100,000",renters
LP00000082,LU25080716,2023-06-23,2023-06-28,,2024-06-22,224,5,500,AK,"20,000","200,000",pet
LP00000083,LU25080716,2022-03-04,2022-03-09,2022-09-28,2023-03-04,214,5,250,AK,"20,000","200,000",home
LP00000084,LU47275004,2024-03-29,2024-04-03,2024-09-10,2025-03-29,287,4,1000,ME,"10,000","100,000",renters
LP00000085,LU47275004,2022-07-26,2022-07-31,2023-03-23,2023-07-26,242,4,1000,ME,"10,000","100,000",car
LP00000086,LU60185261,2024-08-13,2024-08-18,2024-12-03,2025-08-13,343,1,1000,AL,"30,000","250,000",renters
LP00000087,LU31427901,2023-10-11,2023-10-16,2024-10-02,2024-10-10,243,5,500,NY,"30,000","500,000",car
LP00000088,LU28502828,2024-07-20,2024-07-25,2024-11-08,2025-07-20,300,4,500,MS,"30,000","200,000",renters
LP00000089,LU28502828,2025-02-08,2025-02-13,2025-06-14,2026-02-08,360,4,1000,MS,"30,000","200,000",home
LP00000090,LU09959698,2025-05-02,2025-05-07,2026-02-01,2026-05-02,374,3,500,GA,"40,000","100,000",renters
LP00000091,LU09959698,2025-06-20,2025-06-25,,2026-06-20,401,3,500,GA,"40,000","100,000",pet
LP00000092,LU63053263,2025-03-30,2025-04-04,2025-07-20,2026-03-30,306,,500,IL,"40,000","250,000",home
LP00000093,LU21116897,2023-01-30,2023-02-04,2023-12-06,2024-01-30,388,2,250,NH,"20,000","250,000",car
LP00000094,LU02676022,2022-02-05,2022-02-10,2022-06-28,2023-02-05,348,5,250,MI,"40,000","100,000",home
LP00000095,LU02676022,2023-05-27,2023-06-01,2024-01-14,2024-05-26,293,5,250,MI,"40,000","100,000",pet
LP00000096,LU51393461,2024-10-12,2024-10-17,2025-01-23,2025-10-12,277,4,250,MI,"30,000","1,500,000",home
LP00000097,LU51393461,2024-08-25,2024-08-30,2025-01-19,2025-08-25,293,4,500,MI,"30,000","1,500,000",car
LP00000098,LU78018782,2023-08-14,2023-08-19,2024-01-03,2024-08-13,416,1,500,IA,"10,000","500,000",home
LP00000099,LU18916671,2024-10-24,2024-10-29,2025-07-13,2025-10-24,70,4,1000,FL,"20,000","100,000",renters
LP00000100,LU18916671,2023-05-20,2023-05-25,2023-09-13,2024-05-19,73,4,250,FL,"20,000","100,000",car
LP00000101,LU90614772,2024-08-10,2024-08-15,,2025-08-10,97,4,1000,MA,"20,000","500,000",car
LP00000102,LU26586880,2024-02-25,2024-03-01,2024-07-31,2025-02-24,280,4,250,WY,"40,000","250,000",renters
LP00000103,LU26586880,2024-06-23,2024-06-28,,2025-06-23,284,4,250,WY,"40,000","250,000",home
LP00000104,LU15640837,2022-05-25,2022-05-30,2022-11-29,2023-05-25,61,3,250,AR,"40,000","250,000",pet
LP00000105,LU43672999,2022-01-29,2022-02-03,2022-11-05,2023-01-29,324,4,250,CA,"10,000","100,000",home
LP00000106,LU40538855,2022-07-10,2022-07-15,2023-05-09,2023-07-10,333,3,250,WV,"20,000","1,500,000",home
LP00000107,LU94015572,2022-09-18,2022-09-23,2023-05-17,2023-09-18,385,2,500,OK,"10,000","200,000",renters
LP00000108,LU09713084,2024-06-20,2024-06-25,2024-11-18,2025-06-20,167,1,250,KY,"30,000","500,000",pet
LP00000109,LU09713084,2023-08-07,2023-08-12,2024-05-25,2024-08-06,177,1,500,KY,"30,000","500,000",car
LP00000110,LU28840104,2022-08-24,2022-08-29,2023-04-18,2023-08-24,196,4,1000,UT,"40,000","250,000",home
LP00000111,LU04414649,2022-08-17,2022-08-22,2023-04-25,2023-08-17,98,2,1000,AK,"10,000","250,000",renters
LP00000112,LU29915109,2022-04-18,2022-04-23,2023-02-11,2023-04-18,343,3,1000,WA,"20,000","100,000",car
LP00000113,LU08153487,2024-02-05,2024-02-10,,2025-02-04,383,1,250,ID,"30,000","1,500,000",pet
LP00000114,LU08153487,2023-06-28,2023-07-03,2023-09-27,2024-06-27,423,1,250,ID,"30,000","1,500,000",home
LP00000115,LU28077597,2024-01-31,2024-02-05,2024-12-13,2025-01-30,139,5,500,AK,"10,000","100,000",home
LP00000116,LU28077597,2024-04-25,2024-04-30,2025-01-09,2025-04-25,162,5,500,AK,"10,000","100,000",car
LP00000117,LU50053873,2024-03-18,2024-03-23,2024-06-27,2025-03-18,363,1,500,TN,"30,000","100,000",renters
LP00000118,LU92282342,2023-05-19,2023-05-24,2024-02-28,2024-05-18,73,3,500,CO,"20,000","250,000",car
LP00000119,LU92282342,2022-09-16,2022-09-21,2023-07-02,2023-09-16,74,3,250,CO,"20,000","250,000",home
LP00000120,LU66147134,2023-11-18,2023-11-23,2024-01-24,2024-11-17,264,5,250,AZ,"10,000","1,500,000",pet
LP00000121,LU59762379,2026-01-24,2026-01-29,2026-08-20,2027-01-24,173,2,1000,GA,"10,000","1,500,000",renters
LP00000122,LU05952072,2025-10-23,2025-10-28,,2026-10-23,188,3,250,OR,"20,000","1,500,000",car
LP00000123,LU05952072,2026-01-10,2026-01-15,,2027-01-10,186,3,250,OR,"20,000","1,500,000",car
LP00000124,LU74198716,2022-07-14,2022-07-19,,2023-07-14,71,2,250,TX,"10,000","250,000",car
LP00000125,LU46352082,2025-09-24,2025-09-29,2026-07-16,2026-09-24,269,3,1000,ID,"10,000","1,500,000",home
LP00000126,LU46352082,2025-08-08,2025-08-13,2025-11-01,2026-08-08,264,3,1000,ID,"10,000","1,500,000",home
LP00000127,LU14365792,2025-02-04,2025-02-09,2025-11-12,2026-02-04,153,3,500,ID,"10,000","1,500,000",home
LP00000128,LU19751845,2023-07-19,2023-07-24,2024-06-18,2024-07-18,147,2,250,GA,"10,000","250,000",home
LP00000129,LU19751845,2023-05-26,2023-05-31,2023-12-19,2024-05-25,128,2,1000,GA,"10,000","250,000",pet
LP00000130,LU16078204,2025-01-20,2025-01-25,2025-05-17,2026-01-20,351,,250,NM,"30,000","250,000",car
LP00000131,LU16078204,2024-04-24,2024-04-29,2024-08-22,2025-04-24,378,,500,NM,"30,000","250,000",car
LP00000132,LU65380515,2024-08-03,2024-08-08,,2025-08-03,118,3,1000,PA,"20,000","500,000",pet
LP00000133,LU65380515,2024-05-26,2024-05-31,2025-05-12,2025-05-26,103,3,250,PA,"20,000","500,000",home
LP00000134,LU11622277,2024-05-27,2024-06-01,2024-12-15,2025-05-27,126,4,250,CO,"20,000","100,000",home
LP00000135,LU11622277,2024-03-01,2024-03-06,2024-11-05,2025-03-01,147,4,1000,CO,"20,000","100,000",pet
LP00000136,LU92554362,2024-02-26,2024-03-02,,2025-02-25,239,4,1000,OK,"10,000","1,500,000",car
LP00000137,LU57056590,2025-10-01,2025-10-06,,2026-10-01,206,1,1000,IA,"10,000","100,000",car
LP00000138,LU83813161,2025-10-30,2025-11-04,2026-07-08,2026-10-30,290,1,1000,PA,"20,000","500,000",car
LP00000139,LU01763598,2024-04-18,2024-04-23,2024-11-24,2025-04-18,165,,1000,AR,"20,000","1,500,000",home
LP00000140,LU27271953,2025-11-19,2025-11-24,2026-07-23,2026-11-19,128,4,500,NE,"30,000","100,000",car
LP00000141,LU27271953,2024-12-31,2025-01-05,2025-11-10,2025-12-31,128,4,500,NE,"30,000","100,000",renters
LP00000142,LU79273141,2022-05-16,2022-05-21,2023-05-07,2023-05-16,325,5,500,PA,"30,000","200,000",pet
LP00000143,LU79273141,2022-11-02,2022-11-07,2023-07-10,2023-11-02,375,5,250,PA,"30,000","200,000",home
LP00000144,LU74644660,2023-06-25,2023-06-30,2024-03-12,2024-06-24,118,3,500,MS,"10,000","500,000",pet
LP00000145,LU74644660,2024-09-09,2024-09-14,2025-05-30,2025-09-09,120,3,250,MS,"10,000","500,000",pet
LP00000146,LU48391912,2026-04-19,2026-04-24,2026-07-04,2027-04-19,218,1,500,MS,"10,000","250,000",renters
LP00000147,LU97239797,2024-01-25,2024-01-30,2024-10-30,2025-01-24,72,1,500,TX,"10,000","1,500,000",home
LP00000148,LU97239797,2023-12-07,2023-12-12,2024-10-07,2024-12-06,69,1,1000,TX,"10,000","1,500,000",home
LP00000149,LU08538568,2023-03-28,2023-04-02,2023-09-03,2024-03-27,175,3,500,UT,"10,000","1,500,000",pet
LP00000150,LU08538568,2022-11-01,2022-11-06,2023-05-16,2023-11-01,165,3,500,UT,"10,000","1,500,000",renters
LP00000151,LU35999893,2024-08-17,2024-08-22,,2025-08-17,235,1,250,WI,"10,000","250,000",home
LP00000152,LU98381778,2024-04-06,2024-04-11,2024-11-07,2025-04-06,122,,250,DE,"30,000","200,000",pet
LP00000153,LU03055632,2024-11-12,2024-11-17,2025-08-26,2025-11-12,374,3,1000,OR,"40,000","100,000",pet
LP00000154,LU03055632,2025-01-03,2025-01-08,2025-04-25,2026-01-03,345,3,1000,OR,"40,000","100,000",pet
LP00000155,LU64478173,2024-08-13,2024-08-18,,2025-08-13,102,1,500,MA,"30,000","500,000",renters
LP00000156,LU07474351,2023-07-11,2023-07-16,2024-06-18,2024-07-10,290,5,500,TX,"20,000","100,000",car
LP00000157,LU07474351,2023-05-13,2023-05-18,2024-01-19,2024-05-12,317,5,250,TX,"20,000","100,000",renters
LP00000158,LU20887560,2023-09-24,2023-09-29,2024-05-11,2024-09-23,266,2,500,VT,"40,000","250,000",car
LP00000159,LU62171289,2024-05-10,2024-05-15,2025-03-20,2025-05-10,217,5,500,MS,"10,000","200,000",car
LP00000160,LU00940255,2023-04-25,2023-04-30,2023-10-06,2024-04-24,71,5,500,MN,"40,000","200,000",pet
LP00000161,LU00940255,2024-01-19,2024-01-24,2025-01-10,2025-01-18,58,5,500,MN,"40,000","200,000",renters
LP00000162,LU24226236,2023-12-30,2024-01-04,2024-05-30,2024-12-29,288,4,250,PA,"10,000","250,000",pet
LP00000163,LU26437212,2023-07-09,2023-07-14,2024-03-13,2024-07-08,233,4,250,KY,"30,000","1,500,000",pet
LP00000164,LU70295965,2025-05-23,2025-05-28,2026-02-23,2026-05-23,271,5,500,IN,"10,000","1,500,000",renters
LP00000165,LU70989076,2025-10-23,2025-10-28,,2026-10-23,339,5,500,DE,"10,000","1,500,000",home
LP00000166,LU94761747,2022-06-19,2022-06-24,2022-09-21,2023-06-19,248,,250,WY,"30,000","100,000",renters
LP00000167,LU94761747,2022-07-06,2022-07-11,2022-12-05,2023-07-06,237,,500,WY,"30,000","100,000",pet
LP00000168,LU85776746,2024-12-19,2024-12-24,2025-07-15,2025-12-19,215,5,1000,NC,"40,000","200,000",pet
LP00000169,LU17202710,2023-12-09,2023-12-14,2024-11-01,2024-12-08,128,,1000,NY,"30,000","100,000",car
LP00000170,LU43022851,2023-10-02,2023-10-07,2024-03-14,2024-10-01,88,3,500,ID,"10,000","500,000",pet
LP00000171,LU43022851,2023-09-17,2023-09-22,2024-07-21,2024-09-16,90,3,500,ID,"10,000","500,000",pet
LP00000172,LU16283177,2024-09-21,2024-09-26,2025-02-17,2025-09-21,121,4,250,DE,"30,000","500,000",renters
LP00000173,LU74579217,2022-02-04,2022-02-09,2022-10-14,2023-02-04,356,,250,TN,"20,000","1,500,000",pet
LP00000174,LU78463675,2024-02-26,2024-03-02,2024-10-17,2025-02-25,164,2,500,VT,"40,000","500,000",car
LP00000175,LU71381007,2023-02-14,2023-02-19,2023-08-15,2024-02-14,204,1,500,NC,"20,000","200,000",pet
LP00000176,LU71381007,2023-08-30,2023-09-04,2023-11-06,2024-08-29,187,1,1000,NC,"20,000","200,000",home
LP00000177,LU19772152,2024-07-05,2024-07-10,2025-03-03,2025-07-05,350,4,1000,GA,"30,000","100,000",renters
LP00000178,LU30683399,2022-03-15,2022-03-20,2022-09-08,2023-03-15,334,2,500,WY,"20,000","100,000",car
LP00000179,LU68938660,2023-08-15,2023-08-20,2024-06-17,2024-08-14,71,2,250,NV,"40,000","100,000",renters
LP00000180,LU97022426,2025-11-06,2025-11-11,2026-05-11,2026-11-06,162,2,1000,OR,"30,000","500,000",car
LP00000181,LU97022426,2023-10-18,2023-10-23,2024-08-23,2024-10-17,163,2,250,OR,"30,000","500,000",home
LP00000182,LU13603675,2023-07-25,2023-07-30,2023-10-12,2024-07-24,210,1,500,HI,"40,000","500,000",renters
LP00000183,LU13603675,2023-08-05,2023-08-10,2024-06-14,2024-08-04,215,1,250,HI,"40,000","500,000",car
LP00000184,LU12085044,2024-02-04,2024-02-09,2024-08-22,2025-02-03,63,2,1000,NY,"30,000","250,000",car
LP00000185,LU12085044,2022-10-04,2022-10-09,2023-03-30,2023-10-04,66,2,250,NY,"30,000","250,000",home
LP00000186,LU42499108,2024-08-12,2024-08-17,2025-03-10,2025-08-12,190,1,500,SC,"10,000","200,000",home
LP00000187,LU87504262,2025-02-16,2025-02-21,2025-12-06,2026-02-16,282,5,1000,WY,"30,000","1,500,000",pet
LP00000188,LU80044975,2025-05-22,2025-05-27,2025-12-07,2026-05-22,169,1,500,MN,"30,000","1,500,000",home
LP00000189,LU80044975,2025-07-07,2025-07-12,2025-12-03,2026-07-07,207,1,1000,MN,"30,000","1,500,000",pet
LP00000190,LU47125717,2023-11-18,2023-11-23,2024-04-17,2024-11-17,160,2,500,WY,"30,000","100,000",renters
LP00000191,LU47125717,2023-11-26,2023-12-01,2024-09-29,2024-11-25,194,2,1000,WY,"30,000","100,000",home
LP00000192,LU28687916,2025-03-28,2025-04-02,2025-09-01,2026-03-28,387,2,500,MT,"20,000","100,000",home
LP00000193,LU28687916,2025-02-18,2025-02-23,2026-01-24,2026-02-18,339,2,250,MT,"20,000","100,000",pet
LP00000194,LU38696237,2022-05-01,2022-05-06,,2023-05-01,89,4,250,FL,"40,000","100,000",renters
LP00000195,LU20538456,2024-04-22,2024-04-27,2025-01-15,2025-04-22,281,1,500,MT,"20,000","1,500,000",car
LP00000196,LU04498656,2023-09-03,2023-09-08,2024-01-02,2024-09-02,302,3,500,GA,"10,000","200,000",home
LP00000197,LU85784547,2024-12-23,2024-12-28,2025-10-19,2025-12-23,236,1,1000,DE,"10,000","250,000",car
LP00000198,LU88849725,2023-11-30,2023-12-05,2024-08-18,2024-11-29,68,5,250,OH,"40,000","500,000",car
LP00000199,LU88849725,2024-02-16,2024-02-21,2024-10-02,2025-02-15,64,5,1000,OH,"40,000","500,000",pet
LP00000200,LU08151129,2023-03-24,2023-03-29,2023-05-31,2024-03-23,109,5,1000,WI,"40,000","200,000",pet
LP00000201,LU08151129,2024-03-30,2024-04-04,2024-09-19,2025-03-30,110,5,250,WI,"40,000","200,000",home
LP00000202,LU59648375,2024-04-19,2024-04-24,2024-07-21,2025-04-19,370,4,250,AK,"10,000","1,500,000",pet
LP00000203,LU59648375,2024-02-09,2024-02-14,2024-07-12,2025-02-08,389,4,1000,AK,"10,000","1,500,000",renters
LP00000204,LU14306790,2022-04-08,2022-04-13,2022-06-17,2023-04-08,251,2,500,NJ,"30,000","100,000",pet
LP00000205,LU96062463,2025-01-23,2025-01-28,2025-06-15,2026-01-23,111,5,1000,FL,"40,000","250,000",pet
LP00000206,LU76518327,2023-09-10,2023-09-15,2024-08-16,2024-09-09,337,3,1000,ME,"30,000","200,000",car
LP00000207,LU76518327,2022-10-05,2022-10-10,2023-06-01,2023-10-05,338,3,1000,ME,"30,000","200,000",home
LP00000208,LU73523177,2024-01-02,2024-01-07,2024-04-27,2025-01-01,341,,250,NY,"20,000","1,500,000",home
LP00000209,LU73523177,2022-06-06,2022-06-11,2022-11-10,2023-06-06,320,,250,NY,"20,000","1,500,000",renters
LP00000210,LU24321476,2023-08-13,2023-08-18,2024-05-23,2024-08-12,183,3,250,MN,"10,000","500,000",renters
LP00000211,LU60090953,2025-03-08,2025-03-13,2025-09-01,2026-03-08,132,4,1000,KS,"40,000","250,000",pet
LP00000212,LU16255446,2022-06-04,2022-06-09,2022-10-31,2023-06-04,390,1,1000,PA,"10,000","100,000",home
LP00000213,LU92162648,2025-04-21,2025-04-26,2025-09-08,2026-04-21,340,5,1000,IN,"20,000","500,000",renters
LP00000214,LU92162648,2023-08-05,2023-08-10,2024-07-17,2024-08-04,308,5,1000,IN,"20,000","500,000",renters
LP00000215,LU96249127,2021-11-23,2021-11-28,2022-04-27,2022-11-23,261,3,250,FL,"20,000","1,500,000",car
LP00000216,LU96249127,2022-12-13,2022-12-18,2023-07-25,2023-12-13,273,3,500,FL,"20,000","1,500,000",home
LP00000217,LU05676355,2026-10-06,2026-10-11,2027-01-20,2027-10-06,168,,500,IL,"40,000","200,000",car
LP00000218,LU35278952,2024-09-04,2024-09-09,2025-06-07,2025-09-04,287,,1000,NJ,"40,000","200,000",pet
LP00000219,LU01467414,2025-09-23,2025-09-28,2026-06-21,2026-09-23,93,,500,NM,"10,000","250,000",renters
LP00000220,LU01467414,2023-09-05,2023-09-10,2024-02-04,2024-09-04,95,,1000,NM,"10,000","250,000",renters
LP00000221,LU89219205,2024-05-23,2024-05-28,2024-11-07,2025-05-23,137,2,500,IA,"20,000","250,000",car
LP00000222,LU38287516,2026-08-23,2026-08-28,2027-06-15,2027-08-23,413,2,500,KY,"30,000","1,500,000",pet
LP00000223,LU74939514,2023-12-07,2023-12-12,2024-08-19,2024-12-06,381,2,250,NH,"20,000","250,000",car
LP00000224,LU74939514,2025-03-23,2025-03-28,2026-01-20,2026-03-23,385,2,1000,NH,"20,000","250,000",home
LP00000225,LU43076793,2024-01-22,2024-01-27,2024-04-01,2025-01-21,274,2,1000,IN,"30,000","250,000",home
LP00000226,LU43076793,2025-06-23,2025-06-28,,2026-06-23,285,2,1000,IN,"30,000","250,000",home
LP00000227,LU11078145,2026-06-17,2026-06-22,2027-01-24,2027-06-17,96,3,500,CT,"40,000","250,000",home
LP00000228,LU11078145,2026-06-24,2026-06-29,2027-04-07,2027-06-24,102,3,500,CT,"40,000","250,000",pet
LP00000229,LU49117008,2023-07-03,2023-07-08,2023-11-13,2024-07-02,103,4,500,IA,"30,000","500,000",pet
LP00000230,LU99971288,2025-03-04,2025-03-09,,2026-03-04,220,3,1000,CA,"30,000","500,000",car
LP00000231,LU52382200,2023-03-17,2023-03-22,2024-02-17,2024-03-16,139,4,500,MT,"30,000","100,000",pet
LP00000232,LU80952379,2024-09-24,2024-09-29,2025-07-22,2025-09-24,329,1,250,SD,"10,000","500,000",home
LP00000233,LU80952379,2024-09-20,2024-09-25,2025-03-20,2025-09-20,312,1,250,SD,"10,000","500,000",car
LP00000234,LU29082753,2022-12-01,2022-12-06,2023-07-13,2023-12-01,158,5,500,NM,"30,000","250,000",renters
LP00000235,LU15036289,2023-10-05,2023-10-10,2024-02-20,2024-10-04,267,1,500,VA,"10,000","500,000",home
LP00000236,LU94257507,2023-12-21,2023-12-26,2024-08-25,2024-12-20,219,3,500,ME,"10,000","200,000",renters
LP00000237,LU63834509,2026-04-04,2026-04-09,2026-10-21,2027-04-04,317,5,250,CA,"40,000","100,000",home
LP00000238,LU63834509,2026-04-25,2026-04-30,2027-02-04,2027-04-25,398,5,1000,CA,"40,000","100,000",car
LP00000239,LU20137700,2024-05-07,2024-05-12,2025-01-26,2025-05-07,213,5,1000,MA,"20,000","1,500,000",pet
LP00000240,LU12509535,2024-07-16,2024-07-21,,2025-07-16,189,1,1000,MA,"20,000","1,500,000",home
LP00000241,LU12509535,2024-09-26,2024-10-01,2024-12-21,2025-09-26,197,1,500,MA,"20,000","1,500,000",pet
LP00000242,LU89258289,2025-08-09,2025-08-14,2026-05-14,2026-08-09,127,,500,RI,"10,000","200,000",renters
LP00000243,LU45639695,2022-11-20,2022-11-25,2023-04-10,2023-11-20,267,5,250,NJ,"20,000","200,000",car
LP00000244,LU45681193,2023-04-16,2023-04-21,2023-07-06,2024-04-15,69,5,250,CO,"40,000","100,000",home
LP00000245,LU45681193,2023-01-09,2023-01-14,2023-08-24,2024-01-09,68,5,500,CO,"40,000","100,000",home
LP00000246,LU94943732,2022-06-28,2022-07-03,2023-04-02,2023-06-28,178,2,1000,LA,"10,000","1,500,000",home
LP00000247,LU94943732,2022-05-09,2022-05-14,2022-10-20,2023-05-09,201,2,1000,LA,"10,000","1,500,000",renters
LP00000248,LU78678484,2026-04-20,2026-04-25,2026-12-29,2027-04-20,297,5,250,AZ,"20,000","100,000",pet
LP00000249,LU39825966,2023-08-10,2023-08-15,,2024-08-09,170,5,250,WI,"10,000","1,500,000",pet
LP00000250,LU90069890,2023-02-04,2023-02-09,2023-04-19,2024-02-04,358,1,250,OR,"40,000","1,500,000",pet
LP00000251,LU78578163,2022-01-28,2022-02-02,,2023-01-28,259,3,500,KY,"30,000","1,500,000",home
LP00000252,LU78578163,2023-03-08,2023-03-13,,2024-03-07,263,3,500,KY,"30,000","1,500,000",renters
LP00000253,LU99434098,2024-07-20,2024-07-25,,2025-07-20,232,5,250,ND,"20,000","250,000",renters
LP00000254,LU70776613,2024-03-24,2024-03-29,2025-02-03,2025-03-24,300,3,500,MN,"20,000","1,500,000",home
LP00000255,LU70776613,2024-05-24,2024-05-29,2025-04-21,2025-05-24,323,3,500,MN,"20,000","1,500,000",renters
LP00000256,LU43964936,2024-11-17,2024-11-22,2025-03-18,2025-11-17,130,1,250,DE,"10,000","100,000",car
LP00000257,LU38432445,2023-11-19,2023-11-24,2024-09-22,2024-11-18,142,5,250,CT,"40,000","1,500,000",pet
LP00000258,LU38432445,2023-11-15,2023-11-20,2024-01-27,2024-11-14,157,5,500,CT,"40,000","1,500,000",home
LP00000259,LU84329214,2022-12-22,2022-12-27,2023-12-02,2023-12-22,231,2,500,ME,"10,000","100,000",home
LP00000260,LU84329214,2023-09-10,2023-09-15,2023-12-21,2024-09-09,207,2,500,ME,"10,000","100,000",home
LP00000261,LU35588052,2024-09-05,2024-09-10,2025-03-21,2025-09-05,363,5,1000,MI,"30,000","100,000",car
LP00000262,LU94044989,2024-09-01,2024-09-06,2025-08-27,2025-09-01,322,4,1000,AK,"40,000","100,000",home
LP00000263,LU94044989,2024-08-24,2024-08-29,2024-12-28,2025-08-24,291,4,250,AK,"40,000","100,000",home
LP00000264,LU84143327,2024-06-19,2024-06-24,2025-05-22,2025-06-19,116,2,500,AK,"10,000","1,500,000",renters
LP00000265,LU88655870,2025-01-25,2025-01-30,2026-01-02,2026-01-25,118,,250,NY,"10,000","250,000",renters
LP00000266,LU12162401,2022-08-26,2022-08-31,2023-02-20,2023-08-26,224,5,500,SD,"40,000","500,000",home
LP00000267,LU12162401,2024-04-23,2024-04-28,2025-04-23,2025-04-23,233,5,250,SD,"40,000","500,000",pet
LP00000268,LU64714400,2025-03-29,2025-04-03,2025-11-20,2026-03-29,245,4,1000,OR,"10,000","200,000",renters
LP00000269,LU64714400,2025-01-11,2025-01-16,2025-11-02,2026-01-11,195,4,1000,OR,"10,000","200,000",pet
LP00000270,LU07218009,2026-01-15,2026-01-20,2026-05-28,2027-01-15,217,2,500,KS,"20,000","1,500,000",home
LP00000271,LU07218009,2026-03-24,2026-03-29,2027-01-03,2027-03-24,171,2,1000,KS,"20,000","1,500,000",car
LP00000272,LU84627732,2023-02-11,2023-02-16,2023-04-21,2024-02-11,57,2,250,WV,"40,000","500,000",home
LP00000273,LU84627732,2024-09-01,2024-09-06,2025-05-17,2025-09-01,61,2,500,WV,"40,000","500,000",car
LP00000274,LU46546441,2023-06-08,2023-06-13,2023-12-27,2024-06-07,330,1,500,NH,"10,000","500,000",renters
LP00000275,LU46546441,2024-12-21,2024-12-26,2025-05-22,2025-12-21,338,1,1000,NH,"10,000","500,000",renters
LP00000276,LU64517069,2023-04-30,2023-05-05,2023-11-24,2024-04-29,73,4,1000,AR,"20,000","500,000",pet
LP00000277,LU97858555,2023-06-23,2023-06-28,2023-10-15,2024-06-22,102,5,500,OR,"30,000","1,500,000",home
LP00000278,LU19251671,2025-03-13,2025-03-18,2025-09-23,2026-03-13,142,1,500,WV,"40,000","100,000",pet
LP00000279,LU26405568,2021-12-09,2021-12-14,2022-04-10,2022-12-09,309,3,1000,AK,"30,000","1,500,000",home
LP00000280,LU41180747,2025-06-11,2025-06-16,2026-05-16,2026-06-11,138,4,1000,AK,"40,000","1,500,000",pet
LP00000281,LU53150853,2023-11-08,2023-11-13,2024-08-20,2024-11-07,147,,250,NC,"20,000","250,000",pet
LP00000282,LU96545084,2023-02-13,2023-02-18,2023-04-27,2024-02-13,94,4,500,LA,"30,000","250,000",pet
LP00000283,LU79695592,2023-03-27,2023-04-01,2023-10-28,2024-03-26,222,,500,AR,"40,000","500,000",pet
LP00000284,LU42029418,2022-10-07,2022-10-12,2023-07-23,2023-10-07,333,5,1000,MT,"40,000","500,000",pet
LP00000285,LU05325830,2023-10-05,2023-10-10,,2024-10-04,141,3,500,RI,"40,000","200,000",home
LP00000286,LU70941743,2025-06-27,2025-07-02,2026-03-18,2026-06-27,254,,500,DE,"30,000","500,000",renters
LP00000287,LU70941743,2025-08-23,2025-08-28,2026-07-09,2026-08-23,216,,250,DE,"30,000","500,000",renters
LP00000288,LU14999622,2022-05-28,2022-06-02,2023-04-20,2023-05-28,284,3,500,FL,"30,000","1,500,000",car
LP00000289,LU60936024,2022-04-30,2022-05-05,2022-11-25,2023-04-30,83,5,500,OH,"40,000","200,000",pet
LP00000290,LU60936024,2022-07-15,2022-07-20,2023-03-20,2023-07-15,71,5,1000,OH,"40,000","200,000",renters
LP00000291,LU66793140,2024-01-01,2024-01-06,2024-07-18,2024-12-31,283,3,1000,OR,"20,000","500,000",car
LP00000292,LU10640043,2023-05-11,2023-05-16,2024-03-31,2024-05-10,364,1,250,SC,"10,000","1,500,000",renters
LP00000293,LU88515711,2023-04-14,2023-04-19,,2024-04-13,265,1,500,MD,"30,000","500,000",pet
LP00000294,LU18833912,2024-03-27,2024-04-01,2025-02-18,2025-03-27,116,3,1000,CT,"20,000","500,000",renters
LP00000295,LU18833912,2024-06-16,2024-06-21,2025-05-18,2025-06-16,109,3,250,CT,"20,000","500,000",home
LP00000296,LU52198214,2022-10-09,2022-10-14,2023-07-26,2023-10-09,126,,250,IL,"30,000","500,000",car
LP00000297,LU52198214,2022-09-13,2022-09-18,,2023-09-13,112,,250,IL,"30,000","500,000",home
LP00000298,LU41791836,2024-09-24,2024-09-29,2025-03-31,2025-09-24,263,4,250,GA,"40,000","200,000",pet
LP00000299,LU35360613,2024-03-13,2024-03-18,2025-02-10,2025-03-13,182,4,500,AZ,"10,000","500,000",car
LP00000300,LU25797371,2024-09-13,2024-09-18,2025-04-30,2025-09-13,182,3,500,NE,"10,000","250,000",home
LP00000301,LU25797371,2024-08-26,2024-08-31,2025-01-09,2025-08-26,204,3,500,NE,"10,000","250,000",pet
LP00000302,LU71054587,2025-11-27,2025-12-02,2026-08-21,2026-11-27,259,1,500,FL,"10,000","100,000",home
LP00000303,LU71054587,2025-12-11,2025-12-16,2026-05-20,2026-12-11,243,1,250,FL,"10,000","100,000",renters
LP00000304,LU71567653,2024-12-13,2024-12-18,2025-08-16,2025-12-13,269,1,1000,NH,"20,000","200,000",pet
LP00000305,LU71567653,2025-02-19,2025-02-24,2025-05-28,2026-02-19,241,1,500,NH,"20,000","200,000",pet
LP00000306,LU10296048,2026-01-06,2026-01-11,2026-10-15,2027-01-06,275,1,1000,HI,"20,000","1,500,000",renters
LP00000307,LU10296048,2026-02-09,2026-02-14,2027-01-14,2027-02-09,263,1,500,HI,"20,000","1,500,000",pet
LP00000308,LU11108700,2024-01-18,2024-01-23,2024-11-06,2025-01-17,228,4,250,CA,"20,000","1,500,000",car
LP00000309,LU48291470,2024-05-31,2024-06-05,,2025-05-31,179,4,500,PA,"30,000","1,500,000",renters
LP00000310,LU48291470,2024-08-13,2024-08-18,2025-06-14,2025-08-13,145,4,500,PA,"30,000","1,500,000",pet
LP00000311,LU62302176,2024-02-19,2024-02-24,2025-01-16,2025-02-18,149,4,500,NV,"10,000","1,500,000",pet
LP00000312,LU08995864,2024-04-19,2024-04-24,2024-09-27,2025-04-19,286,5,250,OK,"20,000","100,000",pet
LP00000313,LU22570619,2024-08-22,2024-08-27,2025-04-05,2025-08-22,196,5,500,WI,"30,000","100,000",renters
LP00000314,LU42163469,2026-06-17,2026-06-22,2026-11-16,2027-06-17,304,3,1000,CO,"30,000","500,000",car
LP00000315,LU26045613,2024-01-08,2024-01-13,2024-04-03,2025-01-07,157,4,500,KY,"30,000","1,500,000",renters
LP00000316,LU53273099,2023-12-31,2024-01-05,2024-07-24,2024-12-30,291,4,1000,IL,"20,000","500,000",car
LP00000317,LU53273099,2023-10-26,2023-10-31,2024-06-03,2024-10-25,304,4,250,IL,"20,000","500,000",car
LP00000318,LU65402631,2025-11-08,2025-11-13,2026-05-12,2026-11-08,115,4,500,CO,"20,000","1,500,000",home
LP00000319,LU40206025,2025-07-19,2025-07-24,2025-10-28,2026-07-19,150,1,1000,KY,"30,000","1,500,000",car
LP00000320,LU42197583,2025-04-19,2025-04-24,2026-03-23,2026-04-19,113,5,500,IA,"20,000","500,000",car
LP00000321,LU07141818,2022-05-26,2022-05-31,2023-04-13,2023-05-26,298,3,1000,WY,"10,000","1,500,000",car
LP00000322,LU52015419,2023-10-21,2023-10-26,,2024-10-20,207,3,500,UT,"10,000","100,000",home
LP00000323,LU71266177,2026-07-26,2026-07-31,2027-01-09,2027-07-26,103,,500,WV,"20,000","1,500,000",renters
LP00000324,LU57470939,2024-05-19,2024-05-24,2025-02-06,2025-05-19,246,,500,SD,"10,000","200,000",home
LP00000325,LU36118273,2024-03-30,2024-04-04,2024-10-19,2025-03-30,77,2,500,MI,"20,000","100,000",renters
LP00000326,LU36118273,2022-09-24,2022-09-29,2023-08-02,2023-09-24,68,2,250,MI,"20,000","100,000",home
LP00000327,LU84442688,2024-09-22,2024-09-27,2025-03-29,2025-09-22,294,,250,NM,"10,000","200,000",renters
LP00000328,LU84442688,2024-01-21,2024-01-26,,2025-01-20,372,,250,NM,"10,000","200,000",pet
LP00000329,LU81939262,2022-06-17,2022-06-22,2023-02-01,2023-06-17,186,2,1000,NC,"30,000","200,000",renters
LP00000330,LU81939262,2022-08-10,2022-08-15,2023-06-03,2023-08-10,188,2,500,NC,"30,000","200,000",pet
LP00000331,LU86500350,2023-06-03,2023-06-08,2023-09-28,2024-06-02,185,4,500,OK,"20,000","250,000",car
LP00000332,LU49688356,2022-03-04,2022-03-09,2022-06-09,2023-03-04,218,2,500,NM,"30,000","200,000",pet
LP00000333,LU49688356,2022-02-16,2022-02-21,2022-05-10,2023-02-16,212,2,250,NM,"30,000","200,000",pet
LP00000334,LU69395650,2025-02-25,2025-03-02,2025-05-06,2026-02-25,261,4,500,WV,"20,000","1,500,000",renters
LP00000335,LU32093550,2023-01-18,2023-01-23,2023-05-08,2024-01-18,154,4,250,DE,"10,000","100,000",home
LP00000336,LU02695047,2025-04-08,2025-04-13,,2026-04-08,96,1,500,UT,"10,000","1,500,000",car
LP00000337,LU02695047,2025-05-11,2025-05-16,2026-05-05,2026-05-11,103,1,250,UT,"10,000","1,500,000",home
LP00000338,LU13156292,2025-09-18,2025-09-23,2026-03-25,2026-09-18,306,3,500,OK,"10,000","200,000",pet
LP00000339,LU54376431,2026-02-27,2026-03-04,2026-06-13,2027-02-27,191,5,1000,IL,"30,000","1,500,000",car
LP00000340,LU44911440,2023-12-16,2023-12-21,,2024-12-15,90,1,500,WY,"10,000","500,000",renters
LP00000341,LU44911440,2023-12-12,2023-12-17,2024-03-22,2024-12-11,90,1,1000,WY,"10,000","500,000",car
LP00000342,LU45052133,2024-09-21,2024-09-26,2025-07-14,2025-09-21,74,,250,HI,"10,000","250,000",renters
LP00000343,LU45052133,2025-06-19,2025-06-24,2025-09-17,2026-06-19,72,,500,HI,"10,000","250,000",renters
LP00000344,LU14448474,2024-01-09,2024-01-14,2024-10-20,2025-01-08,280,2,250,WV,"40,000","500,000",pet
LP00000345,LU14448474,2024-01-16,2024-01-21,2024-07-21,2025-01-15,285,2,1000,WV,"40,000","500,000",renters
LP00000346,LU81374847,2024-04-06,2024-04-11,2024-06-13,2025-04-06,142,5,1000,OR,"20,000","500,000",car
LP00000347,LU21016263,2023-12-22,2023-12-27,,2024-12-21,267,3,1000,LA,"40,000","500,000",car
LP00000348,LU21016263,2023-11-05,2023-11-10,2024-02-15,2024-11-04,304,3,500,LA,"40,000","500,000",car
LP00000349,LU55350563,2024-11-06,2024-11-11,2025-07-08,2025-11-06,290,,500,MA,"30,000","250,000",renters
LP00000350,LU55350563,2025-11-17,2025-11-22,2026-09-11,2026-11-17,324,,1000,MA,"30,000","250,000",pet
LP00000351,LU48293949,2026-02-15,2026-02-20,2026-08-29,2027-02-15,152,,1000,MN,"20,000","1,500,000",pet
LP00000352,LU92730969,2023-12-03,2023-12-08,2024-09-22,2024-12-02,348,5,1000,ID,"10,000","1,500,000",home
LP00000353,LU08549649,2024-07-17,2024-07-22,2024-11-16,2025-07-17,389,2,1000,WY,"10,000","250,000",home
LP00000354,LU42469950,2023-12-06,2023-12-11,2024-04-05,2024-12-05,237,1,1000,MT,"30,000","500,000",pet
LP00000355,LU98027612,2024-10-18,2024-10-23,2025-06-25,2025-10-18,205,5,250,MD,"40,000","500,000",car
LP00000356,LU98027612,2024-10-17,2024-10-22,2025-04-27,2025-10-17,216,5,1000,MD,"40,000","500,000",car
LP00000357,LU76448535,2025-01-02,2025-01-07,2025-04-17,2026-01-02,215,3,500,OK,"20,000","250,000",renters
LP00000358,LU60595242,2024-03-14,2024-03-19,2024-08-10,2025-03-14,329,5,1000,ID,"30,000","200,000",renters
LP00000359,LU60595242,2022-05-07,2022-05-12,2022-09-17,2023-05-07,404,5,250,ID,"30,000","200,000",car
LP00000360,LU81358566,2024-02-22,2024-02-27,2024-06-27,2025-02-21,232,,1000,NJ,"20,000","200,000",pet
LP00000361,LU63922559,2026-01-06,2026-01-11,2026-06-01,2027-01-06,278,2,250,OH,"40,000","200,000",pet
LP00000362,LU63922559,2024-07-31,2024-08-05,2024-10-31,2025-07-31,252,2,250,OH,"40,000","200,000",home
LP00000363,LU02647493,2023-01-13,2023-01-18,2023-08-16,2024-01-13,415,2,500,DE,"20,000","1,500,000",home
LP00000364,LU02647493,2023-02-14,2023-02-19,2023-07-06,2024-02-14,391,2,500,DE,"20,000","1,500,000",car
LP00000365,LU87777422,2022-10-18,2022-10-23,2023-07-26,2023-10-18,282,1,1000,NE,"40,000","500,000",car
LP00000366,LU87777422,2024-05-29,2024-06-03,,2025-05-29,278,1,250,NE,"40,000","500,000",home
LP00000367,LU86387212,2023-12-01,2023-12-06,2024-11-08,2024-11-30,354,5,500,PA,"30,000","500,000",home
LP00000368,LU86387212,2023-10-24,2023-10-29,2024-03-20,2024-10-23,403,5,1000,PA,"30,000","500,000",home
LP00000369,LU78289970,2023-06-16,2023-06-21,2023-11-07,2024-06-15,96,4,500,NM,"40,000","1,500,000",pet
LP00000370,LU78289970,2025-04-04,2025-04-09,,2026-04-04,105,4,500,NM,"40,000","1,500,000",home
LP00000371,LU40970411,2026-01-24,2026-01-29,2026-08-07,2027-01-24,173,2,250,NY,"40,000","100,000",pet
LP00000372,LU40970411,2026-04-14,2026-04-19,,2027-04-14,164,2,1000,NY,"40,000","100,000",renters
LP00000373,LU01433141,2026-10-30,2026-11-04,2027-03-03,2027-10-30,410,,250,KS,"20,000","500,000",pet
LP00000374,LU32660784,2023-01-22,2023-01-27,2023-07-04,2024-01-22,197,4,250,ND,"30,000","250,000",car
LP00000375,LU07216687,2024-06-11,2024-06-16,2024-11-15,2025-06-11,270,3,250,LA,"20,000","250,000",car
LP00000376,LU74478091,2023-07-03,2023-07-08,2023-10-26,2024-07-02,198,,500,IN,"30,000","250,000",home
LP00000377,LU11304292,2024-05-30,2024-06-04,2025-03-01,2025-05-30,188,1,1000,FL,"10,000","500,000",home
LP00000378,LU19177385,2024-09-11,2024-09-16,2024-12-15,2025-09-11,148,5,1000,LA,"10,000","200,000",renters
LP00000379,LU22756028,2024-02-15,2024-02-20,2024-09-09,2025-02-14,81,1,250,ID,"40,000","100,000",renters
LP00000380,LU22756028,2024-10-21,2024-10-26,2025-10-19,2025-10-21,86,1,1000,ID,"40,000","100,000",pet
LP00000381,LU27429584,2025-02-03,2025-02-08,2026-01-16,2026-02-03,284,3,250,CO,"20,000","1,500,000",renters
LP00000382,LU03320513,2023-02-27,2023-03-04,2023-11-08,2024-02-27,168,,500,CA,"20,000","250,000",renters
LP00000383,LU03320513,2023-02-21,2023-02-26,2023-06-25,2024-02-21,183,,1000,CA,"20,000","250,000",home
LP00000384,LU88412823,2023-08-30,2023-09-04,2024-02-09,2024-08-29,65,5,500,CT,"30,000","250,000",pet
LP00000385,LU69412449,2022-07-09,2022-07-14,2023-03-26,2023-07-09,281,4,1000,MD,"30,000","500,000",home
LP00000386,LU69412449,2023-06-15,2023-06-20,2023-12-05,2024-06-14,339,4,250,MD,"30,000","500,000",renters
LP00000387,LU29594972,2023-03-13,2023-03-18,2023-06-25,2024-03-12,211,2,250,KS,"30,000","1,500,000",renters
LP00000388,LU29594972,2024-05-10,2024-05-15,,2025-05-10,197,2,250,KS,"30,000","1,500,000",renters
LP00000389,LU13701510,2022-09-15,2022-09-20,2023-03-22,2023-09-15,186,5,250,VA,"20,000","200,000",car
LP00000390,LU13701510,2022-07-02,2022-07-07,2023-01-20,2023-07-02,190,5,1000,VA,"20,000","200,000",renters
LP00000391,LU80892787,2022-08-20,2022-08-25,2023-06-29,2023-08-20,274,4,1000,MO,"40,000","200,000",pet
LP00000392,LU86642198,2024-02-25,2024-03-01,2024-11-09,2025-02-24,162,,250,NJ,"30,000","500,000",pet
LP00000393,LU86642198,2024-02-11,2024-02-16,2024-09-01,2025-02-10,162,,500,NJ,"30,000","500,000",home
LP00000394,LU80096300,2022-10-23,2022-10-28,,2023-10-23,222,3,500,OK,"30,000","200,000",renters
LP00000395,LU80096300,2022-12-10,2022-12-15,2023-04-26,2023-12-10,183,3,250,OK,"30,000","200,000",renters
LP00000396,LU65885066,2023-09-05,2023-09-10,2024-07-20,2024-09-04,289,4,250,ME,"10,000","1,500,000",home
LP00000397,LU04544215,2024-03-08,2024-03-13,2024-08-02,2025-03-08,185,2,500,CO,"30,000","250,000",car
LP00000398,LU71460682,2024-04-03,2024-04-08,,2025-04-03,354,2,250,AK,"40,000","200,000",renters
LP00000399,LU25243388,2024-06-30,2024-07-05,2024-09-04,2025-06-30,217,3,500,IL,"10,000","250,000",home
LP00000400,LU25243388,2024-06-12,2024-06-17,2024-10-17,2025-06-12,193,3,250,IL,"10,000","250,000",renters
LP00000401,LU16817989,2024-02-07,2024-02-12,2024-09-22,2025-02-06,145,5,500,CT,"30,000","1,500,000",car
LP00000402,LU16817989,2024-02-12,2024-02-17,2024-05-19,2025-02-11,150,5,250,CT,"30,000","1,500,000",renters
LP00000403,LU14162951,2025-08-28,2025-09-02,2025-12-11,2026-08-28,119,,250,WV,"30,000","250,000",home
LP00000404,LU14162951,2025-10-22,2025-10-27,2026-06-12,2026-10-22,133,,500,WV,"30,000","250,000",home
LP00000405,LU41335545,2024-07-25,2024-07-30,,2025-07-25,247,4,1000,OK,"10,000","1,500,000",pet
LP00000406,LU41335545,2024-09-14,2024-09-19,2025-05-27,2025-09-14,236,4,500,OK,"10,000","1,500,000",home
LP00000407,LU31051077,2023-05-09,2023-05-14,2024-02-07,2024-05-08,120,1,500,MD,"10,000","100,000",renters
LP00000408,LU06369342,2025-07-31,2025-08-05,2026-01-15,2026-07-31,346,1,500,CA,"30,000","250,000",home
LP00000409,LU06369342,2023-09-09,2023-09-14,2024-08-08,2024-09-08,347,1,500,CA,"30,000","250,000",renters
LP00000410,LU85696906,2023-11-12,2023-11-17,,2024-11-11,187,3,1000,NY,"10,000","100,000",car
LP00000411,LU77673331,2022-07-10,2022-07-15,,2023-07-10,144,4,250,NM,"40,000","250,000",home
LP00000412,LU77673331,2024-04-22,2024-04-27,2025-03-10,2025-04-22,120,4,250,NM,"40,000","250,000",pet
LP00000413,LU71454104,2023-11-21,2023-11-26,2024-04-23,2024-11-20,318,3,1000,NJ,"20,000","100,000",renters
LP00000414,LU57990489,2025-04-01,2025-04-06,2025-06-24,2026-04-01,80,1,1000,UT,"20,000","100,000",car
LP00000415,LU56734852,2025-04-09,2025-04-14,2025-08-19,2026-04-09,243,3,250,NJ,"10,000","100,000",car
LP00000416,LU56734852,2025-05-04,2025-05-09,2026-02-25,2026-05-04,283,3,250,NJ,"10,000","100,000",pet
LP00000417,LU56604007,2023-01-27,2023-02-01,,2024-01-27,99,3,500,VT,"10,000","100,000",renters
LP00000418,LU19521863,2024-01-10,2024-01-15,2024-10-23,2025-01-09,165,2,250,KS,"40,000","250,000",car
LP00000419,LU19521863,2023-11-13,2023-11-18,,2024-11-12,176,2,250,KS,"40,000","250,000",pet
LP00000420,LU80590532,2023-10-16,2023-10-21,2024-03-27,2024-10-15,396,3,500,IA,"40,000","250,000",car
LP00000421,LU28621154,2023-09-23,2023-09-28,2024-08-27,2024-09-22,335,4,250,ND,"20,000","100,000",home
LP00000422,LU96709931,2026-03-24,2026-03-29,2026-11-19,2027-03-24,106,2,500,CA,"30,000","100,000",renters
LP00000423,LU96709931,2026-07-04,2026-07-09,2027-01-29,2027-07-04,110,2,1000,CA,"30,000","100,000",pet
LP00000424,LU40054094,2025-10-11,2025-10-16,2026-04-25,2026-10-11,124,5,500,PA,"10,000","200,000",home
LP00000425,LU40054094,2025-06-11,2025-06-16,2026-05-22,2026-06-11,110,5,500,PA,"10,000","200,000",home
LP00000426,LU16411283,2025-12-28,2026-01-02,2026-07-09,2026-12-28,334,1,500,FL,"20,000","1,500,000",car
LP00000427,LU41023762,2025-04-23,2025-04-28,2026-01-12,2026-04-23,332,3,250,RI,"30,000","100,000",renters
LP00000428,LU41023762,2025-06-16,2025-06-21,2026-06-05,2026-06-16,259,3,500,RI,"30,000","100,000",pet
LP00000429,LU43140790,2023-05-25,2023-05-30,2024-04-06,2024-05-24,346,5,250,KY,"10,000","200,000",home
LP00000430,LU71249948,2023-10-03,2023-10-08,2024-08-02,2024-10-02,81,5,1000,AR,"20,000","500,000",car
LP00000431,LU31075871,2024-04-05,2024-04-10,2024-08-30,2025-04-05,203,1,1000,MA,"10,000","250,000",car
LP00000432,LU25434021,2023-03-31,2023-04-05,,2024-03-30,339,,1000,HI,"30,000","500,000",car
LP00000433,LU71815785,2024-03-23,2024-03-28,2024-09-13,2025-03-23,282,,250,MI,"40,000","200,000",renters
LP00000434,LU71815785,2025-12-11,2025-12-16,2026-05-22,2026-12-11,268,,1000,MI,"40,000","200,000",pet
LP00000435,LU83031781,2023-01-27,2023-02-01,2023-08-23,2024-01-27,195,2,250,IA,"10,000","500,000",pet
LP00000436,LU23010856,2022-03-02,2022-03-07,2022-12-16,2023-03-02,273,,500,MT,"10,000","500,000",pet
LP00000437,LU16694750,2023-11-06,2023-11-11,2024-04-14,2024-11-05,396,4,1000,NM,"30,000","500,000",home
LP00000438,LU16694750,2022-12-03,2022-12-08,2023-09-20,2023-12-03,345,4,500,NM,"30,000","500,000",car
LP00000439,LU76149069,2023-06-16,2023-06-21,2024-05-18,2024-06-15,202,4,250,WI,"10,000","1,500,000",car
LP00000440,LU76149069,2023-06-28,2023-07-03,2024-02-29,2024-06-27,208,4,1000,WI,"10,000","1,500,000",renters
LP00000441,LU32229511,2025-10-01,2025-10-06,2026-03-26,2026-10-01,198,4,250,OR,"10,000","250,000",pet
LP00000442,LU50353189,2024-10-21,2024-10-26,2025-07-30,2025-10-21,184,5,500,ID,"10,000","100,000",renters
LP00000443,LU37864564,2023-04-01,2023-04-06,2023-09-19,2024-03-31,214,1,250,OR,"20,000","250,000",car
LP00000444,LU37864564,2022-06-13,2022-06-18,2022-11-18,2023-06-13,192,1,1000,OR,"20,000","250,000",car
LP00000445,LU83767435,2024-08-31,2024-09-05,2024-11-23,2025-08-31,99,4,1000,FL,"40,000","100,000",car
LP00000446,LU42297256,2025-11-17,2025-11-22,2026-10-09,2026-11-17,102,2,250,CO,"20,000","500,000",pet
LP00000447,LU42297256,2024-09-19,2024-09-24,2025-08-04,2025-09-19,96,2,250,CO,"20,000","500,000",car
LP00000448,LU00742279,2023-05-02,2023-05-07,2024-01-20,2024-05-01,138,,1000,SD,"30,000","250,000",renters
LP00000449,LU00742279,2023-05-02,2023-05-07,2023-09-21,2024-05-01,142,,250,SD,"30,000","250,000",pet
LP00000450,LU83490287,2022-07-31,2022-08-05,2023-06-17,2023-07-31,95,3,250,MN,"10,000","500,000",renters
LP00000451,LU66960880,2025-09-01,2025-09-06,2026-07-30,2026-09-01,95,3,250,MN,"20,000","100,000",renters
LP00000452,LU66960880,2025-10-18,2025-10-23,2026-08-02,2026-10-18,111,3,250,MN,"20,000","100,000",renters
